0 verbose cli C:\Program Files\nodejs\node.exe C:\Program Files\nodejs\node_modules\npm\bin\npm-cli.js
1 info using npm@11.16.0
2 info using node@v24.18.0
3 silly config load:file:C:\Program Files\nodejs\node_modules\npm\npmrc
4 silly config load:file:C:\Users\Atif\Documents\Codex\2026-08-30\you-are-an-expert-full-stack\.npmrc
5 silly config load:file:C:\Users\Atif\.npmrc
6 silly config load:file:C:\Users\Atif\AppData\Roaming\npm\etc\npmrc
7 verbose title npm install
8 verbose argv "install" "--cache" "work/npm-cache"
9 verbose logfile logs-max:10 dir:C:\Users\Atif\Documents\Codex\2026-08-30\you-are-an-expert-full-stack\work\npm-cache\_logs\2026-08-29T19_28_11_496Z-
10 verbose logfile C:\Users\Atif\Documents\Codex\2026-08-30\you-are-an-expert-full-stack\work\npm-cache\_logs\2026-08-29T19_28_11_496Z-debug-0.log
11 silly logfile done cleaning log files
12 silly packumentCache heap:4496293888 maxSize:1124073472 maxEntrySize:562036736
13 silly idealTree buildDeps
14 silly fetch manifest @supabase/supabase-js@^2.57.4
15 silly packumentCache full:https://registry.npmjs.org/@supabase%2fsupabase-js cache-miss
16 http fetch GET 200 https://registry.npmjs.org/npm 292ms
17 http fetch GET 200 https://registry.npmjs.org/@supabase%2fsupabase-js 310ms (cache miss)
18 silly packumentCache full:https://registry.npmjs.org/@supabase%2fsupabase-js set size:undefined disposed:false
19 silly fetch manifest @opentelemetry/api@>=1.0.0
20 silly packumentCache full:https://registry.npmjs.org/@opentelemetry%2fapi cache-miss
21 http fetch GET 200 https://registry.npmjs.org/@opentelemetry%2fapi 323ms (cache miss)
22 silly packumentCache full:https://registry.npmjs.org/@opentelemetry%2fapi set size:undefined disposed:false
23 silly fetch manifest lucide-react@^0.468.0
24 silly packumentCache full:https://registry.npmjs.org/lucide-react cache-miss
25 http fetch GET 200 https://registry.npmjs.org/lucide-react 109ms (cache miss)
26 silly packumentCache full:https://registry.npmjs.org/lucide-react set size:undefined disposed:false
27 silly fetch manifest react@^19.1.1
28 silly packumentCache full:https://registry.npmjs.org/react cache-miss
29 http fetch GET 200 https://registry.npmjs.org/react 394ms (cache miss)
30 silly packumentCache full:https://registry.npmjs.org/react set size:undefined disposed:false
31 silly fetch manifest react-dom@^19.1.1
32 silly packumentCache full:https://registry.npmjs.org/react-dom cache-miss
33 http fetch GET 200 https://registry.npmjs.org/react-dom 717ms (cache miss)
34 silly packumentCache full:https://registry.npmjs.org/react-dom set size:undefined disposed:false
35 silly fetch manifest react-router-dom@^7.9.1
36 silly packumentCache full:https://registry.npmjs.org/react-router-dom cache-miss
37 http fetch GET 200 https://registry.npmjs.org/react-router-dom 1068ms (cache miss)
38 silly packumentCache full:https://registry.npmjs.org/react-router-dom set size:undefined disposed:false
39 silly fetch manifest @vitejs/plugin-react@^5.0.2
40 silly packumentCache full:https://registry.npmjs.org/@vitejs%2fplugin-react cache-miss
41 http fetch GET 200 https://registry.npmjs.org/@vitejs%2fplugin-react 76ms (cache miss)
42 silly packumentCache full:https://registry.npmjs.org/@vitejs%2fplugin-react set size:undefined disposed:false
43 silly fetch manifest vite@^7.1.7
44 silly packumentCache full:https://registry.npmjs.org/vite cache-miss
45 http fetch GET 200 https://registry.npmjs.org/vite 1424ms (cache miss)
46 silly packumentCache full:https://registry.npmjs.org/vite set size:undefined disposed:false
47 silly fetch manifest @types/node@^20.19.0 || >=22.12.0
48 silly packumentCache full:https://registry.npmjs.org/@types%2fnode cache-miss
49 http fetch GET 200 https://registry.npmjs.org/@types%2fnode 397ms (cache miss)
50 silly packumentCache full:https://registry.npmjs.org/@types%2fnode set size:undefined disposed:false
51 silly fetch manifest jiti@>=1.21.0
52 silly packumentCache full:https://registry.npmjs.org/jiti cache-miss
53 http fetch GET 200 https://registry.npmjs.org/jiti 65ms (cache miss)
54 silly packumentCache full:https://registry.npmjs.org/jiti set size:undefined disposed:false
55 silly fetch manifest less@^4.0.0
56 silly packumentCache full:https://registry.npmjs.org/less cache-miss
57 http fetch GET 200 https://registry.npmjs.org/less 81ms (cache miss)
58 silly packumentCache full:https://registry.npmjs.org/less set size:undefined disposed:false
59 silly fetch manifest lightningcss@^1.21.0
60 silly packumentCache full:https://registry.npmjs.org/lightningcss cache-miss
61 http fetch GET 200 https://registry.npmjs.org/lightningcss 58ms (cache miss)
62 silly packumentCache full:https://registry.npmjs.org/lightningcss set size:undefined disposed:false
63 silly fetch manifest sass@^1.70.0
64 silly packumentCache full:https://registry.npmjs.org/sass cache-miss
65 http fetch GET 200 https://registry.npmjs.org/sass 86ms (cache miss)
66 silly packumentCache full:https://registry.npmjs.org/sass set size:undefined disposed:false
67 silly fetch manifest sass-embedded@^1.70.0
68 silly packumentCache full:https://registry.npmjs.org/sass-embedded cache-miss
69 http fetch GET 200 https://registry.npmjs.org/sass-embedded 70ms (cache miss)
70 silly packumentCache full:https://registry.npmjs.org/sass-embedded set size:undefined disposed:false
71 silly fetch manifest stylus@>=0.54.8
72 silly packumentCache full:https://registry.npmjs.org/stylus cache-miss
73 http fetch GET 200 https://registry.npmjs.org/stylus 63ms (cache miss)
74 silly packumentCache full:https://registry.npmjs.org/stylus set size:undefined disposed:false
75 silly fetch manifest sugarss@^5.0.0
76 silly packumentCache full:https://registry.npmjs.org/sugarss cache-miss
77 http fetch GET 200 https://registry.npmjs.org/sugarss 57ms (cache miss)
78 silly packumentCache full:https://registry.npmjs.org/sugarss set size:undefined disposed:false
79 silly fetch manifest postcss@^8.5.6
80 silly packumentCache full:https://registry.npmjs.org/postcss cache-miss
81 http fetch GET 200 https://registry.npmjs.org/postcss 75ms (cache miss)
82 silly packumentCache full:https://registry.npmjs.org/postcss set size:undefined disposed:false
83 silly fetch manifest terser@^5.16.0
84 silly packumentCache full:https://registry.npmjs.org/terser cache-miss
85 http fetch GET 200 https://registry.npmjs.org/terser 86ms (cache miss)
86 silly packumentCache full:https://registry.npmjs.org/terser set size:undefined disposed:false
87 silly fetch manifest tsx@^4.8.1
88 silly packumentCache full:https://registry.npmjs.org/tsx cache-miss
89 http fetch GET 200 https://registry.npmjs.org/tsx 67ms (cache miss)
90 silly packumentCache full:https://registry.npmjs.org/tsx set size:undefined disposed:false
91 silly fetch manifest yaml@^2.4.2
92 silly packumentCache full:https://registry.npmjs.org/yaml cache-miss
93 http fetch GET 200 https://registry.npmjs.org/yaml 63ms (cache miss)
94 silly packumentCache full:https://registry.npmjs.org/yaml set size:undefined disposed:false
95 silly fetch manifest autoprefixer@^10.4.21
96 silly packumentCache full:https://registry.npmjs.org/autoprefixer cache-miss
97 http fetch GET 200 https://registry.npmjs.org/autoprefixer 78ms (cache miss)
98 silly packumentCache full:https://registry.npmjs.org/autoprefixer set size:undefined disposed:false
99 silly fetch manifest tailwindcss@^3.4.17
100 silly packumentCache full:https://registry.npmjs.org/tailwindcss cache-miss
101 http fetch GET 200 https://registry.npmjs.org/tailwindcss 421ms (cache miss)
102 silly packumentCache full:https://registry.npmjs.org/tailwindcss set size:undefined disposed:false
103 silly placeDep ROOT @supabase/supabase-js@2.112.4 OK for: folester@0.1.0 want: ^2.57.4
104 silly placeDep ROOT @vitejs/plugin-react@5.2.0 OK for: folester@0.1.0 want: ^5.0.2
105 silly placeDep ROOT vite@7.3.6 OK for: @vitejs/plugin-react@5.2.0 want: ^4.2.0 || ^5.0.0 || ^6.0.0 || ^7.0.0 || ^8.0.0
106 silly placeDep ROOT autoprefixer@10.5.4 OK for: folester@0.1.0 want: ^10.4.21
107 silly placeDep ROOT postcss@8.5.26 OK for: autoprefixer@10.5.4 want: ^8.1.0
108 silly placeDep ROOT lucide-react@0.468.0 OK for: folester@0.1.0 want: ^0.468.0
109 silly placeDep ROOT react@19.2.8 OK for: lucide-react@0.468.0 want: ^16.5.1 || ^17.0.0 || ^18.0.0 || ^19.0.0-rc
110 silly placeDep ROOT react-dom@19.2.8 OK for: folester@0.1.0 want: ^19.1.1
111 silly placeDep ROOT react-router-dom@7.18.3 OK for: folester@0.1.0 want: ^7.9.1
112 silly placeDep ROOT tailwindcss@3.4.19 OK for: folester@0.1.0 want: ^3.4.17
113 silly fetch manifest @supabase/auth-js@2.112.4
114 silly packumentCache full:https://registry.npmjs.org/@supabase%2fauth-js cache-miss
115 silly fetch manifest @supabase/storage-js@2.112.4
116 silly packumentCache full:https://registry.npmjs.org/@supabase%2fstorage-js cache-miss
117 silly fetch manifest @supabase/realtime-js@2.112.4
118 silly packumentCache full:https://registry.npmjs.org/@supabase%2frealtime-js cache-miss
119 silly fetch manifest @supabase/functions-js@2.112.4
120 silly packumentCache full:https://registry.npmjs.org/@supabase%2ffunctions-js cache-miss
121 silly fetch manifest @supabase/postgrest-js@2.112.4
122 silly packumentCache full:https://registry.npmjs.org/@supabase%2fpostgrest-js cache-miss
123 silly fetch manifest @babel/core@^7.29.0
124 silly packumentCache full:https://registry.npmjs.org/@babel%2fcore cache-miss
125 silly fetch manifest react-refresh@^0.18.0
126 silly packumentCache full:https://registry.npmjs.org/react-refresh cache-miss
127 silly fetch manifest @types/babel__core@^7.20.5
128 silly packumentCache full:https://registry.npmjs.org/@types%2fbabel__core cache-miss
129 silly fetch manifest @rolldown/pluginutils@1.0.0-rc.3
130 silly packumentCache full:https://registry.npmjs.org/@rolldown%2fpluginutils cache-miss
131 silly fetch manifest @babel/plugin-transform-react-jsx-self@^7.27.1
132 silly packumentCache full:https://registry.npmjs.org/@babel%2fplugin-transform-react-jsx-self cache-miss
133 silly fetch manifest @babel/plugin-transform-react-jsx-source@^7.27.1
134 silly packumentCache full:https://registry.npmjs.org/@babel%2fplugin-transform-react-jsx-source cache-miss
135 silly fetch manifest fdir@^6.5.0
136 silly packumentCache full:https://registry.npmjs.org/fdir cache-miss
137 silly fetch manifest rollup@^4.43.0
138 silly packumentCache full:https://registry.npmjs.org/rollup cache-miss
139 silly fetch manifest esbuild@^0.27.0 || ^0.28.0
140 silly packumentCache full:https://registry.npmjs.org/esbuild cache-miss
141 silly fetch manifest picomatch@^4.0.3
142 silly packumentCache full:https://registry.npmjs.org/picomatch cache-miss
143 http fetch GET 200 https://registry.npmjs.org/@supabase%2fauth-js 128ms (cache miss)
144 silly packumentCache full:https://registry.npmjs.org/@supabase%2fauth-js set size:undefined disposed:false
145 silly fetch manifest tinyglobby@^0.2.15
146 silly packumentCache full:https://registry.npmjs.org/tinyglobby cache-miss
147 http fetch GET 200 https://registry.npmjs.org/@types%2fbabel__core 184ms (cache miss)
148 silly packumentCache full:https://registry.npmjs.org/@types%2fbabel__core set size:undefined disposed:false
149 silly fetch manifest fsevents@~2.3.3
150 silly packumentCache full:https://registry.npmjs.org/fsevents cache-miss
151 http fetch GET 200 https://registry.npmjs.org/fdir 186ms (cache miss)
152 silly packumentCache full:https://registry.npmjs.org/fdir set size:undefined disposed:false
153 silly fetch manifest picocolors@^1.1.1
154 silly packumentCache full:https://registry.npmjs.org/picocolors cache-miss
155 http fetch GET 200 https://registry.npmjs.org/@babel%2fplugin-transform-react-jsx-source 244ms (cache miss)
156 silly packumentCache full:https://registry.npmjs.org/@babel%2fplugin-transform-react-jsx-source set size:undefined disposed:false
157 silly fetch manifest fraction.js@^5.3.4
158 silly packumentCache full:https://registry.npmjs.org/fraction.js cache-miss
159 http fetch GET 200 https://registry.npmjs.org/tinyglobby 121ms (cache miss)
160 silly packumentCache full:https://registry.npmjs.org/tinyglobby set size:undefined disposed:false
161 silly fetch manifest browserslist@^4.28.6
162 silly packumentCache full:https://registry.npmjs.org/browserslist cache-miss
163 http fetch GET 200 https://registry.npmjs.org/picomatch 255ms (cache miss)
164 silly packumentCache full:https://registry.npmjs.org/picomatch set size:undefined disposed:false
165 silly fetch manifest caniuse-lite@^1.0.30001806
166 silly packumentCache full:https://registry.npmjs.org/caniuse-lite cache-miss
167 http fetch GET 200 https://registry.npmjs.org/@rolldown%2fpluginutils 269ms (cache miss)
168 silly packumentCache full:https://registry.npmjs.org/@rolldown%2fpluginutils set size:undefined disposed:false
169 silly fetch manifest postcss-value-parser@^4.2.0
170 silly packumentCache full:https://registry.npmjs.org/postcss-value-parser cache-miss
171 http fetch GET 200 https://registry.npmjs.org/@babel%2fplugin-transform-react-jsx-self 275ms (cache miss)
172 silly packumentCache full:https://registry.npmjs.org/@babel%2fplugin-transform-react-jsx-self set size:undefined disposed:false
173 silly fetch manifest nanoid@^3.3.17
174 silly packumentCache full:https://registry.npmjs.org/nanoid cache-miss
175 http fetch GET 200 https://registry.npmjs.org/picocolors 218ms (cache miss)
176 silly packumentCache full:https://registry.npmjs.org/picocolors set size:undefined disposed:false
177 silly fetch manifest source-map-js@^1.2.1
178 silly packumentCache full:https://registry.npmjs.org/source-map-js cache-miss
179 http fetch GET 200 https://registry.npmjs.org/fraction.js 176ms (cache miss)
180 silly packumentCache full:https://registry.npmjs.org/fraction.js set size:undefined disposed:false
181 silly fetch manifest scheduler@^0.27.0
182 silly packumentCache full:https://registry.npmjs.org/scheduler cache-miss
183 http fetch GET 200 https://registry.npmjs.org/@supabase%2ffunctions-js 429ms (cache miss)
184 silly packumentCache full:https://registry.npmjs.org/@supabase%2ffunctions-js set size:undefined disposed:false
185 silly fetch manifest react-router@7.18.3
186 silly packumentCache full:https://registry.npmjs.org/react-router cache-miss
187 http fetch GET 200 https://registry.npmjs.org/nanoid 318ms (cache miss)
188 silly packumentCache full:https://registry.npmjs.org/nanoid set size:undefined disposed:false
189 silly fetch manifest arg@^5.0.2
190 silly packumentCache full:https://registry.npmjs.org/arg cache-miss
191 http fetch GET 200 https://registry.npmjs.org/fsevents 442ms (cache miss)
192 silly packumentCache full:https://registry.npmjs.org/fsevents set size:undefined disposed:false
193 silly fetch manifest dlv@^1.1.3
194 silly packumentCache full:https://registry.npmjs.org/dlv cache-miss
195 http fetch GET 200 https://registry.npmjs.org/browserslist 377ms (cache miss)
196 silly packumentCache full:https://registry.npmjs.org/browserslist set size:undefined disposed:false
197 silly fetch manifest jiti@^1.21.7
198 silly packumentCache full:https://registry.npmjs.org/jiti cache-miss
199 http fetch GET 200 https://registry.npmjs.org/esbuild 650ms (cache miss)
200 silly packumentCache full:https://registry.npmjs.org/esbuild set size:undefined disposed:false
201 silly fetch manifest is-glob@^4.0.3
202 silly packumentCache full:https://registry.npmjs.org/is-glob cache-miss
203 http cache https://registry.npmjs.org/jiti 33ms (cache hit)
204 silly packumentCache full:https://registry.npmjs.org/jiti set size:387989 disposed:false
205 silly fetch manifest resolve@^1.22.8
206 silly packumentCache full:https://registry.npmjs.org/resolve cache-miss
207 http fetch GET 200 https://registry.npmjs.org/postcss-value-parser 409ms (cache miss)
208 silly packumentCache full:https://registry.npmjs.org/postcss-value-parser set size:undefined disposed:false
209 silly fetch manifest sucrase@^3.35.0
210 silly packumentCache full:https://registry.npmjs.org/sucrase cache-miss
211 http fetch GET 200 https://registry.npmjs.org/arg 115ms (cache miss)
212 silly packumentCache full:https://registry.npmjs.org/arg set size:undefined disposed:false
213 silly fetch manifest chokidar@^3.6.0
214 silly packumentCache full:https://registry.npmjs.org/chokidar cache-miss
215 http fetch GET 200 https://registry.npmjs.org/source-map-js 406ms (cache miss)
216 silly packumentCache full:https://registry.npmjs.org/source-map-js set size:undefined disposed:false
217 silly fetch manifest fast-glob@^3.3.2
218 silly packumentCache full:https://registry.npmjs.org/fast-glob cache-miss
219 http fetch GET 200 https://registry.npmjs.org/@supabase%2frealtime-js 822ms (cache miss)
220 silly packumentCache full:https://registry.npmjs.org/@supabase%2frealtime-js set size:undefined disposed:false
221 silly fetch manifest lilconfig@^3.1.3
222 silly packumentCache full:https://registry.npmjs.org/lilconfig cache-miss
223 http fetch GET 200 https://registry.npmjs.org/@supabase%2fpostgrest-js 855ms (cache miss)
224 silly packumentCache full:https://registry.npmjs.org/@supabase%2fpostgrest-js set size:undefined disposed:false
225 silly fetch manifest didyoumean@^1.2.2
226 silly packumentCache full:https://registry.npmjs.org/didyoumean cache-miss
227 http fetch GET 200 https://registry.npmjs.org/resolve 208ms (cache miss)
228 silly packumentCache full:https://registry.npmjs.org/resolve set size:undefined disposed:false
229 silly fetch manifest micromatch@^4.0.8
230 silly packumentCache full:https://registry.npmjs.org/micromatch cache-miss
231 http fetch GET 200 https://registry.npmjs.org/didyoumean 61ms (cache miss)
232 silly packumentCache full:https://registry.npmjs.org/didyoumean set size:undefined disposed:false
233 silly fetch manifest postcss-js@^4.0.1
234 silly packumentCache full:https://registry.npmjs.org/postcss-js cache-miss
235 http fetch GET 200 https://registry.npmjs.org/dlv 328ms (cache miss)
236 silly packumentCache full:https://registry.npmjs.org/dlv set size:undefined disposed:false
237 silly fetch manifest glob-parent@^6.0.2
238 silly packumentCache full:https://registry.npmjs.org/glob-parent cache-miss
239 http fetch GET 200 https://registry.npmjs.org/sucrase 303ms (cache miss)
240 silly packumentCache full:https://registry.npmjs.org/sucrase set size:undefined disposed:false
241 silly fetch manifest object-hash@^3.0.0
242 silly packumentCache full:https://registry.npmjs.org/object-hash cache-miss
243 http fetch GET 200 https://registry.npmjs.org/micromatch 107ms (cache miss)
244 silly packumentCache full:https://registry.npmjs.org/micromatch set size:undefined disposed:false
245 silly fetch manifest normalize-path@^3.0.0
246 silly packumentCache full:https://registry.npmjs.org/normalize-path cache-miss
247 http fetch GET 200 https://registry.npmjs.org/glob-parent 57ms (cache miss)
248 silly packumentCache full:https://registry.npmjs.org/glob-parent set size:undefined disposed:false
249 silly fetch manifest postcss-import@^15.1.0
250 silly packumentCache full:https://registry.npmjs.org/postcss-import cache-miss
251 http fetch GET 200 https://registry.npmjs.org/normalize-path 61ms (cache miss)
252 silly packumentCache full:https://registry.npmjs.org/normalize-path set size:undefined disposed:false
253 silly fetch manifest postcss-nested@^6.2.0
254 silly packumentCache full:https://registry.npmjs.org/postcss-nested cache-miss
255 http fetch GET 200 https://registry.npmjs.org/postcss-import 64ms (cache miss)
256 silly packumentCache full:https://registry.npmjs.org/postcss-import set size:undefined disposed:false
257 silly fetch manifest @alloc/quick-lru@^5.2.0
258 silly packumentCache full:https://registry.npmjs.org/@alloc%2fquick-lru cache-miss
259 http fetch GET 200 https://registry.npmjs.org/object-hash 98ms (cache miss)
260 silly packumentCache full:https://registry.npmjs.org/object-hash set size:undefined disposed:false
261 silly fetch manifest postcss-load-config@^4.0.2 || ^5.0 || ^6.0
262 silly packumentCache full:https://registry.npmjs.org/postcss-load-config cache-miss
263 http fetch GET 200 https://registry.npmjs.org/lilconfig 291ms (cache miss)
264 silly packumentCache full:https://registry.npmjs.org/lilconfig set size:undefined disposed:false
265 silly fetch manifest postcss-selector-parser@^6.1.2
266 silly packumentCache full:https://registry.npmjs.org/postcss-selector-parser cache-miss
267 http fetch GET 200 https://registry.npmjs.org/@alloc%2fquick-lru 61ms (cache miss)
268 silly packumentCache full:https://registry.npmjs.org/@alloc%2fquick-lru set size:undefined disposed:false
269 http fetch GET 200 https://registry.npmjs.org/postcss-nested 82ms (cache miss)
270 silly packumentCache full:https://registry.npmjs.org/postcss-nested set size:undefined disposed:false
271 http fetch GET 200 https://registry.npmjs.org/chokidar 448ms (cache miss)
272 silly packumentCache full:https://registry.npmjs.org/chokidar set size:undefined disposed:false
273 http fetch GET 200 https://registry.npmjs.org/is-glob 558ms (cache miss)
274 silly packumentCache full:https://registry.npmjs.org/is-glob set size:undefined disposed:false
275 http fetch GET 200 https://registry.npmjs.org/postcss-js 307ms (cache miss)
276 silly packumentCache full:https://registry.npmjs.org/postcss-js set size:undefined disposed:false
277 http fetch GET 200 https://registry.npmjs.org/fast-glob 441ms (cache miss)
278 silly packumentCache full:https://registry.npmjs.org/fast-glob set size:undefined disposed:false
279 http fetch GET 200 https://registry.npmjs.org/@supabase%2fstorage-js 1273ms (cache miss)
280 silly packumentCache full:https://registry.npmjs.org/@supabase%2fstorage-js set size:undefined disposed:false
281 http fetch GET 200 https://registry.npmjs.org/caniuse-lite 1060ms (cache miss)
282 silly packumentCache full:https://registry.npmjs.org/caniuse-lite set size:undefined disposed:false
283 http fetch GET 200 https://registry.npmjs.org/postcss-selector-parser 235ms (cache miss)
284 silly packumentCache full:https://registry.npmjs.org/postcss-selector-parser set size:undefined disposed:false
285 http fetch GET 200 https://registry.npmjs.org/@babel%2fcore 1418ms (cache miss)
286 silly packumentCache full:https://registry.npmjs.org/@babel%2fcore set size:undefined disposed:false
287 http fetch GET 200 https://registry.npmjs.org/postcss-load-config 360ms (cache miss)
288 silly packumentCache full:https://registry.npmjs.org/postcss-load-config set size:undefined disposed:false
289 http fetch GET 200 https://registry.npmjs.org/react-router 1018ms (cache miss)
290 silly packumentCache full:https://registry.npmjs.org/react-router set size:undefined disposed:false
291 http fetch GET 200 https://registry.npmjs.org/rollup 1821ms (cache miss)
292 silly packumentCache full:https://registry.npmjs.org/rollup set size:undefined disposed:false
293 http fetch GET 200 https://registry.npmjs.org/react-refresh 2150ms (cache miss)
294 silly packumentCache full:https://registry.npmjs.org/react-refresh set size:undefined disposed:false
295 http fetch GET 200 https://registry.npmjs.org/scheduler 2210ms (cache miss)
296 silly packumentCache full:https://registry.npmjs.org/scheduler set size:undefined disposed:false
297 silly placeDep ROOT @supabase/auth-js@2.112.4 OK for: @supabase/supabase-js@2.112.4 want: 2.112.4
298 silly placeDep ROOT @supabase/functions-js@2.112.4 OK for: @supabase/supabase-js@2.112.4 want: 2.112.4
299 silly placeDep ROOT @supabase/postgrest-js@2.112.4 OK for: @supabase/supabase-js@2.112.4 want: 2.112.4
300 silly placeDep ROOT @supabase/realtime-js@2.112.4 OK for: @supabase/supabase-js@2.112.4 want: 2.112.4
301 silly placeDep ROOT @supabase/storage-js@2.112.4 OK for: @supabase/supabase-js@2.112.4 want: 2.112.4
302 silly fetch manifest tslib@2.8.1
303 silly packumentCache full:https://registry.npmjs.org/tslib cache-miss
304 silly fetch manifest tslib@2.8.1
305 silly packumentCache full:https://registry.npmjs.org/tslib cache-miss
306 silly fetch manifest tslib@2.8.1
307 silly packumentCache full:https://registry.npmjs.org/tslib cache-miss
308 silly fetch manifest tslib@2.8.1
309 silly packumentCache full:https://registry.npmjs.org/tslib cache-miss
310 silly fetch manifest @supabase/phoenix@0.4.5
311 silly packumentCache full:https://registry.npmjs.org/@supabase%2fphoenix cache-miss
312 silly fetch manifest tslib@2.8.1
313 silly packumentCache full:https://registry.npmjs.org/tslib cache-miss
314 silly fetch manifest iceberg-js@^0.8.1
315 silly packumentCache full:https://registry.npmjs.org/iceberg-js cache-miss
316 http fetch GET 200 https://registry.npmjs.org/tslib 51ms (cache miss)
317 silly packumentCache full:https://registry.npmjs.org/tslib set size:undefined disposed:false
318 http fetch GET 200 https://registry.npmjs.org/iceberg-js 76ms (cache miss)
319 silly packumentCache full:https://registry.npmjs.org/iceberg-js set size:undefined disposed:false
320 http fetch GET 200 https://registry.npmjs.org/tslib 85ms (cache miss)
321 silly packumentCache full:https://registry.npmjs.org/tslib set size:undefined disposed:false
322 http fetch GET 200 https://registry.npmjs.org/tslib 92ms (cache miss)
323 silly packumentCache full:https://registry.npmjs.org/tslib set size:undefined disposed:false
324 http fetch GET 200 https://registry.npmjs.org/tslib 107ms (cache miss)
325 silly packumentCache full:https://registry.npmjs.org/tslib set size:undefined disposed:false
326 http fetch GET 200 https://registry.npmjs.org/tslib 328ms (cache miss)
327 silly packumentCache full:https://registry.npmjs.org/tslib set size:undefined disposed:false
328 http fetch GET 200 https://registry.npmjs.org/@supabase%2fphoenix 781ms (cache miss)
329 silly packumentCache full:https://registry.npmjs.org/@supabase%2fphoenix set size:undefined disposed:false
330 silly placeDep ROOT tslib@2.8.1 OK for: @supabase/auth-js@2.112.4 want: 2.8.1
331 silly placeDep ROOT @supabase/phoenix@0.4.5 OK for: @supabase/realtime-js@2.112.4 want: 0.4.5
332 silly placeDep ROOT iceberg-js@0.8.1 OK for: @supabase/storage-js@2.112.4 want: ^0.8.1
333 silly placeDep ROOT @babel/core@7.29.7 OK for: @vitejs/plugin-react@5.2.0 want: ^7.29.0
334 silly placeDep ROOT @babel/plugin-transform-react-jsx-self@7.29.7 OK for: @vitejs/plugin-react@5.2.0 want: ^7.27.1
335 silly placeDep ROOT @babel/plugin-transform-react-jsx-source@7.29.7 OK for: @vitejs/plugin-react@5.2.0 want: ^7.27.1
336 silly placeDep ROOT @rolldown/pluginutils@1.0.0-rc.3 OK for: @vitejs/plugin-react@5.2.0 want: 1.0.0-rc.3
337 silly placeDep ROOT @types/babel__core@7.20.5 OK for: @vitejs/plugin-react@5.2.0 want: ^7.20.5
338 silly placeDep ROOT react-refresh@0.18.0 OK for: @vitejs/plugin-react@5.2.0 want: ^0.18.0
339 silly fetch manifest debug@^4.1.0
340 silly packumentCache full:https://registry.npmjs.org/debug cache-miss
341 silly fetch manifest json5@^2.2.3
342 silly packumentCache full:https://registry.npmjs.org/json5 cache-miss
343 silly fetch manifest semver@^6.3.1
344 silly packumentCache full:https://registry.npmjs.org/semver cache-miss
345 silly fetch manifest gensync@^1.0.0-beta.2
346 silly packumentCache full:https://registry.npmjs.org/gensync cache-miss
347 silly fetch manifest @babel/types@^7.29.7
348 silly packumentCache full:https://registry.npmjs.org/@babel%2ftypes cache-miss
349 silly fetch manifest @babel/parser@^7.29.7
350 silly packumentCache full:https://registry.npmjs.org/@babel%2fparser cache-miss
351 silly fetch manifest @babel/helpers@^7.29.7
352 silly packumentCache full:https://registry.npmjs.org/@babel%2fhelpers cache-miss
353 silly fetch manifest @babel/template@^7.29.7
354 silly packumentCache full:https://registry.npmjs.org/@babel%2ftemplate cache-miss
355 silly fetch manifest @babel/traverse@^7.29.7
356 silly packumentCache full:https://registry.npmjs.org/@babel%2ftraverse cache-miss
357 silly fetch manifest @babel/generator@^7.29.7
358 silly packumentCache full:https://registry.npmjs.org/@babel%2fgenerator cache-miss
359 silly fetch manifest @babel/code-frame@^7.29.7
360 silly packumentCache full:https://registry.npmjs.org/@babel%2fcode-frame cache-miss
361 silly fetch manifest convert-source-map@^2.0.0
362 silly packumentCache full:https://registry.npmjs.org/convert-source-map cache-miss
363 silly fetch manifest @jridgewell/remapping@^2.3.5
364 silly packumentCache full:https://registry.npmjs.org/@jridgewell%2fremapping cache-miss
365 silly fetch manifest @babel/helper-module-transforms@^7.29.7
366 silly packumentCache full:https://registry.npmjs.org/@babel%2fhelper-module-transforms cache-miss
367 silly fetch manifest @babel/helper-compilation-targets@^7.29.7
368 silly packumentCache full:https://registry.npmjs.org/@babel%2fhelper-compilation-targets cache-miss
369 http fetch GET 200 https://registry.npmjs.org/gensync 61ms (cache miss)
370 silly packumentCache full:https://registry.npmjs.org/gensync set size:undefined disposed:false
371 silly fetch manifest @babel/helper-plugin-utils@^7.29.7
372 silly packumentCache full:https://registry.npmjs.org/@babel%2fhelper-plugin-utils cache-miss
373 http fetch GET 200 https://registry.npmjs.org/convert-source-map 79ms (cache miss)
374 silly packumentCache full:https://registry.npmjs.org/convert-source-map set size:undefined disposed:false
375 silly fetch manifest @babel/helper-plugin-utils@^7.29.7
376 silly packumentCache full:https://registry.npmjs.org/@babel%2fhelper-plugin-utils cache-miss
377 http fetch GET 200 https://registry.npmjs.org/@babel%2ftraverse 100ms (cache miss)
378 silly packumentCache full:https://registry.npmjs.org/@babel%2ftraverse set size:undefined disposed:false
379 silly fetch manifest @babel/types@^7.20.7
380 silly packumentCache full:https://registry.npmjs.org/@babel%2ftypes cache-miss
381 http fetch GET 200 https://registry.npmjs.org/debug 116ms (cache miss)
382 silly packumentCache full:https://registry.npmjs.org/debug set size:undefined disposed:false
383 silly fetch manifest @babel/parser@^7.20.7
384 silly packumentCache full:https://registry.npmjs.org/@babel%2fparser cache-miss
385 http fetch GET 200 https://registry.npmjs.org/@babel%2fcode-frame 121ms (cache miss)
386 silly packumentCache full:https://registry.npmjs.org/@babel%2fcode-frame set size:undefined disposed:false
387 silly fetch manifest @types/babel__template@*
388 silly packumentCache full:https://registry.npmjs.org/@types%2fbabel__template cache-miss
389 http fetch GET 200 https://registry.npmjs.org/@babel%2fhelper-compilation-targets 252ms (cache miss)
390 silly packumentCache full:https://registry.npmjs.org/@babel%2fhelper-compilation-targets set size:undefined disposed:false
391 silly fetch manifest @types/babel__traverse@*
392 silly packumentCache full:https://registry.npmjs.org/@types%2fbabel__traverse cache-miss
393 http fetch GET 200 https://registry.npmjs.org/@babel%2fparser 266ms (cache miss)
394 silly packumentCache full:https://registry.npmjs.org/@babel%2fparser set size:undefined disposed:false
395 silly fetch manifest @types/babel__generator@*
396 silly packumentCache full:https://registry.npmjs.org/@types%2fbabel__generator cache-miss
397 http fetch GET 200 https://registry.npmjs.org/@babel%2fhelper-plugin-utils 227ms (cache miss)
398 silly packumentCache full:https://registry.npmjs.org/@babel%2fhelper-plugin-utils set size:undefined disposed:false
399 http fetch GET 200 https://registry.npmjs.org/@babel%2fhelper-plugin-utils 206ms (cache miss)
400 silly packumentCache full:https://registry.npmjs.org/@babel%2fhelper-plugin-utils set size:undefined disposed:false
401 http fetch GET 200 https://registry.npmjs.org/@babel%2ftypes 190ms (cache miss)
402 silly packumentCache full:https://registry.npmjs.org/@babel%2ftypes set size:undefined disposed:false
403 http fetch GET 200 https://registry.npmjs.org/@babel%2fhelpers 299ms (cache miss)
404 silly packumentCache full:https://registry.npmjs.org/@babel%2fhelpers set size:undefined disposed:false
405 http fetch GET 200 https://registry.npmjs.org/semver 309ms (cache miss)
406 silly packumentCache full:https://registry.npmjs.org/semver set size:undefined disposed:false
407 http fetch GET 200 https://registry.npmjs.org/@babel%2ftypes 320ms (cache miss)
408 silly packumentCache full:https://registry.npmjs.org/@babel%2ftypes set size:undefined disposed:false
409 http fetch GET 200 https://registry.npmjs.org/@babel%2fgenerator 323ms (cache miss)
410 silly packumentCache full:https://registry.npmjs.org/@babel%2fgenerator set size:undefined disposed:false
411 http fetch GET 200 https://registry.npmjs.org/@types%2fbabel__generator 70ms (cache miss)
412 silly packumentCache full:https://registry.npmjs.org/@types%2fbabel__generator set size:undefined disposed:false
413 http fetch GET 200 https://registry.npmjs.org/@types%2fbabel__traverse 107ms (cache miss)
414 silly packumentCache full:https://registry.npmjs.org/@types%2fbabel__traverse set size:undefined disposed:false
415 http fetch GET 200 https://registry.npmjs.org/@babel%2fparser 270ms (cache miss)
416 silly packumentCache full:https://registry.npmjs.org/@babel%2fparser set size:undefined disposed:false
417 http fetch GET 200 https://registry.npmjs.org/json5 451ms (cache miss)
418 silly packumentCache full:https://registry.npmjs.org/json5 set size:undefined disposed:false
419 http fetch GET 200 https://registry.npmjs.org/@types%2fbabel__template 341ms (cache miss)
420 silly packumentCache full:https://registry.npmjs.org/@types%2fbabel__template set size:undefined disposed:false
421 http fetch GET 200 https://registry.npmjs.org/@babel%2ftemplate 486ms (cache miss)
422 silly packumentCache full:https://registry.npmjs.org/@babel%2ftemplate set size:undefined disposed:false
423 http fetch GET 200 https://registry.npmjs.org/@babel%2fhelper-module-transforms 514ms (cache miss)
424 silly packumentCache full:https://registry.npmjs.org/@babel%2fhelper-module-transforms set size:undefined disposed:false
425 http fetch GET 200 https://registry.npmjs.org/@jridgewell%2fremapping 542ms (cache miss)
426 silly packumentCache full:https://registry.npmjs.org/@jridgewell%2fremapping set size:undefined disposed:false
427 silly fetch manifest @babel/core@^7.0.0
428 silly packumentCache full:https://registry.npmjs.org/@babel%2fcore cache-miss
429 http cache https://registry.npmjs.org/@babel%2fcore 8ms (cache hit)
430 silly packumentCache full:https://registry.npmjs.org/@babel%2fcore set size:788273 disposed:false
431 silly placeDep ROOT @babel/code-frame@7.29.7 OK for: @babel/core@7.29.7 want: ^7.29.7
432 silly placeDep ROOT @babel/generator@7.29.8 OK for: @babel/core@7.29.7 want: ^7.29.7
433 silly placeDep ROOT @babel/helper-compilation-targets@7.29.7 OK for: @babel/core@7.29.7 want: ^7.29.7
434 silly placeDep ROOT @babel/helper-module-transforms@7.29.7 OK for: @babel/core@7.29.7 want: ^7.29.7
435 silly placeDep ROOT @babel/helpers@7.29.7 OK for: @babel/core@7.29.7 want: ^7.29.7
436 silly placeDep ROOT @babel/parser@7.29.8 OK for: @babel/core@7.29.7 want: ^7.29.7
437 silly placeDep ROOT @babel/template@7.29.7 OK for: @babel/core@7.29.7 want: ^7.29.7
438 silly placeDep ROOT @babel/traverse@7.29.8 OK for: @babel/core@7.29.7 want: ^7.29.7
439 silly placeDep ROOT @babel/types@7.29.8 OK for: @babel/core@7.29.7 want: ^7.29.7
440 silly placeDep ROOT @jridgewell/remapping@2.3.5 OK for: @babel/core@7.29.7 want: ^2.3.5
441 silly placeDep ROOT convert-source-map@2.0.0 OK for: @babel/core@7.29.7 want: ^2.0.0
442 silly placeDep ROOT debug@4.4.3 OK for: @babel/core@7.29.7 want: ^4.1.0
443 silly placeDep ROOT gensync@1.0.0-beta.2 OK for: @babel/core@7.29.7 want: ^1.0.0-beta.2
444 silly placeDep ROOT json5@2.2.3 OK for: @babel/core@7.29.7 want: ^2.2.3
445 silly placeDep ROOT semver@6.3.1 OK for: @babel/core@7.29.7 want: ^6.3.1
446 silly fetch manifest js-tokens@^4.0.0
447 silly packumentCache full:https://registry.npmjs.org/js-tokens cache-miss
448 silly fetch manifest @babel/helper-validator-identifier@^7.29.7
449 silly packumentCache full:https://registry.npmjs.org/@babel%2fhelper-validator-identifier cache-miss
450 silly fetch manifest jsesc@^3.0.2
451 silly packumentCache full:https://registry.npmjs.org/jsesc cache-miss
452 silly fetch manifest @babel/types@^7.29.8
453 silly packumentCache full:https://registry.npmjs.org/@babel%2ftypes cache-miss
454 silly fetch manifest @babel/parser@^7.29.8
455 silly packumentCache full:https://registry.npmjs.org/@babel%2fparser cache-miss
456 silly fetch manifest @jridgewell/gen-mapping@^0.3.12
457 silly packumentCache full:https://registry.npmjs.org/@jridgewell%2fgen-mapping cache-miss
458 silly fetch manifest @jridgewell/trace-mapping@^0.3.28
459 silly packumentCache full:https://registry.npmjs.org/@jridgewell%2ftrace-mapping cache-miss
460 silly fetch manifest lru-cache@^5.1.1
461 silly packumentCache full:https://registry.npmjs.org/lru-cache cache-miss
462 silly fetch manifest browserslist@^4.24.0
463 silly packumentCache full:https://registry.npmjs.org/browserslist cache-miss
464 silly fetch manifest @babel/compat-data@^7.29.7
465 silly packumentCache full:https://registry.npmjs.org/@babel%2fcompat-data cache-miss
466 silly fetch manifest @babel/helper-validator-option@^7.29.7
467 silly packumentCache full:https://registry.npmjs.org/@babel%2fhelper-validator-option cache-miss
468 silly fetch manifest @babel/helper-module-imports@^7.29.7
469 silly packumentCache full:https://registry.npmjs.org/@babel%2fhelper-module-imports cache-miss
470 silly fetch manifest @babel/helper-validator-identifier@^7.29.7
471 silly packumentCache full:https://registry.npmjs.org/@babel%2fhelper-validator-identifier cache-miss
472 silly fetch manifest @babel/types@^7.29.8
473 silly packumentCache full:https://registry.npmjs.org/@babel%2ftypes cache-miss
474 silly fetch manifest debug@^4.3.1
475 silly packumentCache full:https://registry.npmjs.org/debug cache-miss
476 http cache https://registry.npmjs.org/@babel%2fparser 19ms (cache hit)
477 silly packumentCache full:https://registry.npmjs.org/@babel%2fparser set size:737961 disposed:false
478 silly fetch manifest @babel/types@^7.29.8
479 silly packumentCache full:https://registry.npmjs.org/@babel%2ftypes cache-miss
480 http cache https://registry.npmjs.org/@babel%2ftypes 24ms (cache hit)
481 silly packumentCache full:https://registry.npmjs.org/@babel%2ftypes set size:502938 disposed:false
482 silly fetch manifest @babel/helper-globals@^7.29.7
483 silly packumentCache full:https://registry.npmjs.org/@babel%2fhelper-globals cache-miss
484 http cache https://registry.npmjs.org/debug 25ms (cache hit)
485 silly packumentCache full:https://registry.npmjs.org/debug set size:195840 disposed:false
486 silly fetch manifest @babel/helper-string-parser@^7.29.7
487 silly packumentCache full:https://registry.npmjs.org/@babel%2fhelper-string-parser cache-miss
488 http cache https://registry.npmjs.org/browserslist 31ms (cache hit)
489 silly packumentCache full:https://registry.npmjs.org/browserslist set size:518659 disposed:false
490 silly fetch manifest @babel/helper-validator-identifier@^7.29.7
491 silly packumentCache full:https://registry.npmjs.org/@babel%2fhelper-validator-identifier cache-miss
492 http cache https://registry.npmjs.org/@babel%2ftypes 35ms (cache hit)
493 silly packumentCache full:https://registry.npmjs.org/@babel%2ftypes set size:502938 disposed:false
494 silly packumentCache full:https://registry.npmjs.org/@babel%2ftypes dispose
495 silly fetch manifest @jridgewell/gen-mapping@^0.3.5
496 silly packumentCache full:https://registry.npmjs.org/@jridgewell%2fgen-mapping cache-miss
497 http cache https://registry.npmjs.org/@babel%2ftypes 37ms (cache hit)
498 silly packumentCache full:https://registry.npmjs.org/@babel%2ftypes set size:502938 disposed:true
499 silly packumentCache full:https://registry.npmjs.org/@babel%2ftypes dispose
500 silly fetch manifest @jridgewell/trace-mapping@^0.3.24
501 silly packumentCache full:https://registry.npmjs.org/@jridgewell%2ftrace-mapping cache-miss
502 http fetch GET 200 https://registry.npmjs.org/js-tokens 108ms (cache miss)
503 silly packumentCache full:https://registry.npmjs.org/js-tokens set size:undefined disposed:false
504 silly fetch manifest ms@^2.1.3
505 silly packumentCache full:https://registry.npmjs.org/ms cache-miss
506 http fetch GET 200 https://registry.npmjs.org/@babel%2fhelper-globals 84ms (cache miss)
507 silly packumentCache full:https://registry.npmjs.org/@babel%2fhelper-globals set size:undefined disposed:false
508 http fetch GET 200 https://registry.npmjs.org/@babel%2fhelper-validator-option 112ms (cache miss)
509 silly packumentCache full:https://registry.npmjs.org/@babel%2fhelper-validator-option set size:undefined disposed:false
510 http fetch GET 200 https://registry.npmjs.org/@jridgewell%2fgen-mapping 114ms (cache miss)
511 silly packumentCache full:https://registry.npmjs.org/@jridgewell%2fgen-mapping set size:undefined disposed:false
512 http fetch GET 200 https://registry.npmjs.org/jsesc 120ms (cache miss)
513 silly packumentCache full:https://registry.npmjs.org/jsesc set size:undefined disposed:false
514 http fetch GET 200 https://registry.npmjs.org/@jridgewell%2fgen-mapping 86ms (cache miss)
515 silly packumentCache full:https://registry.npmjs.org/@jridgewell%2fgen-mapping set size:undefined disposed:false
516 http fetch GET 200 https://registry.npmjs.org/@babel%2fhelper-validator-identifier 128ms (cache miss)
517 silly packumentCache full:https://registry.npmjs.org/@babel%2fhelper-validator-identifier set size:undefined disposed:false
518 http fetch GET 200 https://registry.npmjs.org/@babel%2fhelper-validator-identifier 135ms (cache miss)
519 silly packumentCache full:https://registry.npmjs.org/@babel%2fhelper-validator-identifier set size:undefined disposed:false
520 http fetch GET 200 https://registry.npmjs.org/@babel%2fhelper-validator-identifier 102ms (cache miss)
521 silly packumentCache full:https://registry.npmjs.org/@babel%2fhelper-validator-identifier set size:undefined disposed:false
522 http fetch GET 200 https://registry.npmjs.org/@babel%2fhelper-string-parser 110ms (cache miss)
523 silly packumentCache full:https://registry.npmjs.org/@babel%2fhelper-string-parser set size:undefined disposed:false
524 http fetch GET 200 https://registry.npmjs.org/lru-cache 141ms (cache miss)
525 silly packumentCache full:https://registry.npmjs.org/lru-cache set size:undefined disposed:false
526 http fetch GET 200 https://registry.npmjs.org/@babel%2fhelper-module-imports 148ms (cache miss)
527 silly packumentCache full:https://registry.npmjs.org/@babel%2fhelper-module-imports set size:undefined disposed:false
528 http fetch GET 200 https://registry.npmjs.org/@babel%2fcompat-data 160ms (cache miss)
529 silly packumentCache full:https://registry.npmjs.org/@babel%2fcompat-data set size:undefined disposed:false
530 http fetch GET 200 https://registry.npmjs.org/@jridgewell%2ftrace-mapping 169ms (cache miss)
531 silly packumentCache full:https://registry.npmjs.org/@jridgewell%2ftrace-mapping set size:undefined disposed:false
532 http fetch GET 200 https://registry.npmjs.org/ms 66ms (cache miss)
533 silly packumentCache full:https://registry.npmjs.org/ms set size:undefined disposed:false
534 http fetch GET 200 https://registry.npmjs.org/@jridgewell%2ftrace-mapping 115ms (cache miss)
535 silly packumentCache full:https://registry.npmjs.org/@jridgewell%2ftrace-mapping set size:undefined disposed:false
536 silly placeDep ROOT @babel/helper-validator-identifier@7.29.7 OK for: @babel/code-frame@7.29.7 want: ^7.29.7
537 silly placeDep ROOT js-tokens@4.0.0 OK for: @babel/code-frame@7.29.7 want: ^4.0.0
538 silly placeDep ROOT picocolors@1.1.1 OK for: @babel/code-frame@7.29.7 want: ^1.1.1
539 silly placeDep ROOT @jridgewell/gen-mapping@0.3.13 OK for: @babel/generator@7.29.8 want: ^0.3.12
540 silly placeDep ROOT @jridgewell/trace-mapping@0.3.31 OK for: @babel/generator@7.29.8 want: ^0.3.28
541 silly placeDep ROOT jsesc@3.1.0 OK for: @babel/generator@7.29.8 want: ^3.0.2
542 silly fetch manifest @jridgewell/sourcemap-codec@^1.5.0
543 silly packumentCache full:https://registry.npmjs.org/@jridgewell%2fsourcemap-codec cache-miss
544 silly fetch manifest @jridgewell/resolve-uri@^3.1.0
545 silly packumentCache full:https://registry.npmjs.org/@jridgewell%2fresolve-uri cache-miss
546 silly fetch manifest @jridgewell/sourcemap-codec@^1.4.14
547 silly packumentCache full:https://registry.npmjs.org/@jridgewell%2fsourcemap-codec cache-miss
548 http fetch GET 200 https://registry.npmjs.org/@jridgewell%2fsourcemap-codec 71ms (cache miss)
549 silly packumentCache full:https://registry.npmjs.org/@jridgewell%2fsourcemap-codec set size:undefined disposed:false
550 http fetch GET 200 https://registry.npmjs.org/@jridgewell%2fsourcemap-codec 78ms (cache miss)
551 silly packumentCache full:https://registry.npmjs.org/@jridgewell%2fsourcemap-codec set size:undefined disposed:false
552 http fetch GET 200 https://registry.npmjs.org/@jridgewell%2fresolve-uri 80ms (cache miss)
553 silly packumentCache full:https://registry.npmjs.org/@jridgewell%2fresolve-uri set size:undefined disposed:false
554 silly placeDep ROOT @babel/compat-data@7.29.7 OK for: @babel/helper-compilation-targets@7.29.7 want: ^7.29.7
555 silly placeDep ROOT @babel/helper-validator-option@7.29.7 OK for: @babel/helper-compilation-targets@7.29.7 want: ^7.29.7
556 silly placeDep ROOT browserslist@4.28.8 OK for: @babel/helper-compilation-targets@7.29.7 want: ^4.24.0
557 silly placeDep ROOT lru-cache@5.1.1 OK for: @babel/helper-compilation-targets@7.29.7 want: ^5.1.1
558 silly fetch manifest caniuse-lite@^1.0.30001809
559 silly packumentCache full:https://registry.npmjs.org/caniuse-lite cache-miss
560 silly fetch manifest node-releases@^2.0.53
561 silly packumentCache full:https://registry.npmjs.org/node-releases cache-miss
562 silly fetch manifest electron-to-chromium@^1.5.402
563 silly packumentCache full:https://registry.npmjs.org/electron-to-chromium cache-miss
564 silly fetch manifest update-browserslist-db@^1.3.0
565 silly packumentCache full:https://registry.npmjs.org/update-browserslist-db cache-miss
566 silly fetch manifest baseline-browser-mapping@^2.11.12
567 silly packumentCache full:https://registry.npmjs.org/baseline-browser-mapping cache-miss
568 silly fetch manifest yallist@^3.0.2
569 silly packumentCache full:https://registry.npmjs.org/yallist cache-miss
570 http cache https://registry.npmjs.org/caniuse-lite 28ms (cache hit)
571 silly packumentCache full:https://registry.npmjs.org/caniuse-lite set size:2313344 disposed:false
572 http fetch GET 200 https://registry.npmjs.org/update-browserslist-db 72ms (cache miss)
573 silly packumentCache full:https://registry.npmjs.org/update-browserslist-db set size:undefined disposed:false
574 http fetch GET 200 https://registry.npmjs.org/yallist 74ms (cache miss)
575 silly packumentCache full:https://registry.npmjs.org/yallist set size:undefined disposed:false
576 http fetch GET 200 https://registry.npmjs.org/baseline-browser-mapping 164ms (cache miss)
577 silly packumentCache full:https://registry.npmjs.org/baseline-browser-mapping set size:undefined disposed:false
578 http fetch GET 200 https://registry.npmjs.org/node-releases 375ms (cache miss)
579 silly packumentCache full:https://registry.npmjs.org/node-releases set size:undefined disposed:false
580 http fetch GET 200 https://registry.npmjs.org/electron-to-chromium 621ms (cache miss)
581 silly packumentCache full:https://registry.npmjs.org/electron-to-chromium set size:undefined disposed:false
582 silly placeDep ROOT @babel/helper-module-imports@7.29.7 OK for: @babel/helper-module-transforms@7.29.7 want: ^7.29.7
583 silly placeDep ROOT @babel/helper-plugin-utils@7.29.7 OK for: @babel/plugin-transform-react-jsx-self@7.29.7 want: ^7.29.7
584 silly placeDep ROOT @babel/helper-globals@7.29.7 OK for: @babel/traverse@7.29.8 want: ^7.29.7
585 silly placeDep ROOT @babel/helper-string-parser@7.29.7 OK for: @babel/types@7.29.8 want: ^7.29.7
586 silly placeDep ROOT @jridgewell/sourcemap-codec@1.6.0 OK for: @jridgewell/gen-mapping@0.3.13 want: ^1.5.0
587 silly placeDep ROOT @jridgewell/resolve-uri@3.1.2 OK for: @jridgewell/trace-mapping@0.3.31 want: ^3.1.0
588 silly placeDep ROOT @types/babel__generator@7.27.0 OK for: @types/babel__core@7.20.5 want: *
589 silly placeDep ROOT @types/babel__template@7.4.4 OK for: @types/babel__core@7.20.5 want: *
590 silly placeDep ROOT @types/babel__traverse@7.28.0 OK for: @types/babel__core@7.20.5 want: *
591 silly placeDep ROOT caniuse-lite@1.0.30001810 OK for: autoprefixer@10.5.4 want: ^1.0.30001806
592 silly placeDep ROOT fraction.js@5.3.4 OK for: autoprefixer@10.5.4 want: ^5.3.4
593 silly placeDep ROOT postcss-value-parser@4.2.0 OK for: autoprefixer@10.5.4 want: ^4.2.0
594 silly fetch manifest browserslist@>= 4.21.0
595 silly packumentCache full:https://registry.npmjs.org/browserslist cache-hit
596 silly placeDep ROOT baseline-browser-mapping@2.11.20 OK for: browserslist@4.28.8 want: ^2.11.12
597 silly placeDep ROOT electron-to-chromium@1.5.416 OK for: browserslist@4.28.8 want: ^1.5.402
598 silly placeDep ROOT node-releases@2.0.54 OK for: browserslist@4.28.8 want: ^2.0.53
599 silly placeDep ROOT update-browserslist-db@1.3.2 OK for: browserslist@4.28.8 want: ^1.3.0
600 silly fetch manifest escalade@^3.2.0
601 silly packumentCache full:https://registry.npmjs.org/escalade cache-miss
602 http fetch GET 200 https://registry.npmjs.org/escalade 60ms (cache miss)
603 silly packumentCache full:https://registry.npmjs.org/escalade set size:undefined disposed:false
604 silly placeDep ROOT ms@2.1.3 OK for: debug@4.4.3 want: ^2.1.3
605 silly placeDep ROOT yallist@3.1.1 OK for: lru-cache@5.1.1 want: ^3.0.2
606 silly placeDep ROOT nanoid@3.3.18 OK for: postcss@8.5.26 want: ^3.3.17
607 silly placeDep ROOT source-map-js@1.2.1 OK for: postcss@8.5.26 want: ^1.2.1
608 silly placeDep ROOT scheduler@0.27.0 OK for: react-dom@19.2.8 want: ^0.27.0
609 silly fetch manifest react@>=18
610 silly packumentCache full:https://registry.npmjs.org/react cache-miss
611 http cache https://registry.npmjs.org/react 15ms (cache hit)
612 silly packumentCache full:https://registry.npmjs.org/react set size:6926968 disposed:false
613 silly fetch manifest react-dom@>=18
614 silly packumentCache full:https://registry.npmjs.org/react-dom cache-miss
615 http cache https://registry.npmjs.org/react-dom 19ms (cache hit)
616 silly packumentCache full:https://registry.npmjs.org/react-dom set size:9313795 disposed:false
617 silly placeDep ROOT react-router@7.18.3 OK for: react-router-dom@7.18.3 want: 7.18.3
618 silly fetch manifest cookie@^1.0.1
619 silly packumentCache full:https://registry.npmjs.org/cookie cache-miss
620 silly fetch manifest set-cookie-parser@^2.6.0
621 silly packumentCache full:https://registry.npmjs.org/set-cookie-parser cache-miss
622 http fetch GET 200 https://registry.npmjs.org/cookie 78ms (cache miss)
623 silly packumentCache full:https://registry.npmjs.org/cookie set size:undefined disposed:false
624 http fetch GET 200 https://registry.npmjs.org/set-cookie-parser 327ms (cache miss)
625 silly packumentCache full:https://registry.npmjs.org/set-cookie-parser set size:undefined disposed:false
626 silly placeDep ROOT cookie@1.1.1 OK for: react-router@7.18.3 want: ^1.0.1
627 silly placeDep ROOT set-cookie-parser@2.7.2 OK for: react-router@7.18.3 want: ^2.6.0
628 silly fetch manifest postcss@^8.4.47
629 silly packumentCache full:https://registry.npmjs.org/postcss cache-miss
630 http cache https://registry.npmjs.org/postcss 6ms (cache hit)
631 silly packumentCache full:https://registry.npmjs.org/postcss set size:760024 disposed:false
632 silly placeDep ROOT @alloc/quick-lru@5.2.0 OK for: tailwindcss@3.4.19 want: ^5.2.0
633 silly placeDep ROOT arg@5.0.2 OK for: tailwindcss@3.4.19 want: ^5.0.2
634 silly placeDep ROOT chokidar@3.6.0 OK for: tailwindcss@3.4.19 want: ^3.6.0
635 silly placeDep ROOT didyoumean@1.2.2 OK for: tailwindcss@3.4.19 want: ^1.2.2
636 silly placeDep ROOT dlv@1.1.3 OK for: tailwindcss@3.4.19 want: ^1.1.3
637 silly placeDep ROOT fast-glob@3.3.3 OK for: tailwindcss@3.4.19 want: ^3.3.2
638 silly placeDep ROOT glob-parent@6.0.2 OK for: tailwindcss@3.4.19 want: ^6.0.2
639 silly placeDep ROOT is-glob@4.0.3 OK for: tailwindcss@3.4.19 want: ^4.0.3
640 silly placeDep ROOT jiti@1.21.7 OK for: tailwindcss@3.4.19 want: ^1.21.7
641 silly placeDep ROOT lilconfig@3.1.3 OK for: tailwindcss@3.4.19 want: ^3.1.3
642 silly placeDep ROOT micromatch@4.0.8 OK for: tailwindcss@3.4.19 want: ^4.0.8
643 silly placeDep ROOT normalize-path@3.0.0 OK for: tailwindcss@3.4.19 want: ^3.0.0
644 silly placeDep ROOT object-hash@3.0.0 OK for: tailwindcss@3.4.19 want: ^3.0.0
645 silly placeDep ROOT postcss-import@15.1.0 OK for: tailwindcss@3.4.19 want: ^15.1.0
646 silly placeDep ROOT postcss-js@4.1.0 OK for: tailwindcss@3.4.19 want: ^4.0.1
647 silly placeDep ROOT postcss-load-config@6.0.1 OK for: tailwindcss@3.4.19 want: ^4.0.2 || ^5.0 || ^6.0
648 silly placeDep ROOT postcss-nested@6.2.0 OK for: tailwindcss@3.4.19 want: ^6.2.0
649 silly placeDep ROOT postcss-selector-parser@6.1.4 OK for: tailwindcss@3.4.19 want: ^6.1.2
650 silly placeDep ROOT resolve@1.22.12 OK for: tailwindcss@3.4.19 want: ^1.22.8
651 silly placeDep ROOT sucrase@3.35.1 OK for: tailwindcss@3.4.19 want: ^3.35.0
652 silly fetch manifest braces@~3.0.2
653 silly packumentCache full:https://registry.npmjs.org/braces cache-miss
654 silly fetch manifest is-glob@~4.0.1
655 silly packumentCache full:https://registry.npmjs.org/is-glob cache-miss
656 silly fetch manifest anymatch@~3.1.2
657 silly packumentCache full:https://registry.npmjs.org/anymatch cache-miss
658 silly fetch manifest readdirp@~3.6.0
659 silly packumentCache full:https://registry.npmjs.org/readdirp cache-miss
660 silly fetch manifest glob-parent@~5.1.2
661 silly packumentCache full:https://registry.npmjs.org/glob-parent cache-miss
662 silly fetch manifest is-binary-path@~2.1.0
663 silly packumentCache full:https://registry.npmjs.org/is-binary-path cache-miss
664 silly fetch manifest normalize-path@~3.0.0
665 silly packumentCache full:https://registry.npmjs.org/normalize-path cache-miss
666 silly fetch manifest fsevents@~2.3.2
667 silly packumentCache full:https://registry.npmjs.org/fsevents cache-miss
668 silly fetch manifest @nodelib/fs.stat@^2.0.2
669 silly packumentCache full:https://registry.npmjs.org/@nodelib%2ffs.stat cache-miss
670 silly fetch manifest @nodelib/fs.walk@^1.2.3
671 silly packumentCache full:https://registry.npmjs.org/@nodelib%2ffs.walk cache-miss
672 silly fetch manifest glob-parent@^5.1.2
673 silly packumentCache full:https://registry.npmjs.org/glob-parent cache-miss
674 silly fetch manifest merge2@^1.3.0
675 silly packumentCache full:https://registry.npmjs.org/merge2 cache-miss
676 silly fetch manifest is-extglob@^2.1.1
677 silly packumentCache full:https://registry.npmjs.org/is-extglob cache-miss
678 silly fetch manifest braces@^3.0.3
679 silly packumentCache full:https://registry.npmjs.org/braces cache-miss
680 silly fetch manifest picomatch@^2.3.1
681 silly packumentCache full:https://registry.npmjs.org/picomatch cache-miss
682 http cache https://registry.npmjs.org/glob-parent 15ms (cache hit)
683 silly packumentCache full:https://registry.npmjs.org/glob-parent set size:42445 disposed:false
684 silly fetch manifest resolve@^1.1.7
685 silly packumentCache full:https://registry.npmjs.org/resolve cache-miss
686 http cache https://registry.npmjs.org/is-glob 18ms (cache hit)
687 silly packumentCache full:https://registry.npmjs.org/is-glob set size:40530 disposed:false
688 silly fetch manifest read-cache@^1.0.0
689 silly packumentCache full:https://registry.npmjs.org/read-cache cache-miss
690 http cache https://registry.npmjs.org/normalize-path 18ms (cache hit)
691 silly packumentCache full:https://registry.npmjs.org/normalize-path set size:28713 disposed:false
692 silly fetch manifest camelcase-css@^2.0.1
693 silly packumentCache full:https://registry.npmjs.org/camelcase-css cache-miss
694 http cache https://registry.npmjs.org/glob-parent 19ms (cache hit)
695 silly packumentCache full:https://registry.npmjs.org/glob-parent set size:42445 disposed:false
696 silly packumentCache full:https://registry.npmjs.org/glob-parent dispose
697 silly fetch manifest postcss-selector-parser@^6.1.1
698 silly packumentCache full:https://registry.npmjs.org/postcss-selector-parser cache-miss
699 http cache https://registry.npmjs.org/picomatch 18ms (cache hit)
700 silly packumentCache full:https://registry.npmjs.org/picomatch set size:134451 disposed:false
701 silly fetch manifest cssesc@^3.0.0
702 silly packumentCache full:https://registry.npmjs.org/cssesc cache-miss
703 http cache https://registry.npmjs.org/fsevents 25ms (cache hit)
704 silly packumentCache full:https://registry.npmjs.org/fsevents set size:182472 disposed:false
705 silly fetch manifest util-deprecate@^1.0.2
706 silly packumentCache full:https://registry.npmjs.org/util-deprecate cache-miss
707 http cache https://registry.npmjs.org/resolve 22ms (cache hit)
708 silly packumentCache full:https://registry.npmjs.org/resolve set size:244568 disposed:false
709 silly fetch manifest es-errors@^1.3.0
710 silly packumentCache full:https://registry.npmjs.org/es-errors cache-miss
711 http cache https://registry.npmjs.org/postcss-selector-parser 20ms (cache hit)
712 silly packumentCache full:https://registry.npmjs.org/postcss-selector-parser set size:196939 disposed:false
713 silly fetch manifest path-parse@^1.0.7
714 silly packumentCache full:https://registry.npmjs.org/path-parse cache-miss
715 http fetch GET 200 https://registry.npmjs.org/is-extglob 66ms (cache miss)
716 silly packumentCache full:https://registry.npmjs.org/is-extglob set size:undefined disposed:false
717 silly fetch manifest is-core-module@^2.16.1
718 silly packumentCache full:https://registry.npmjs.org/is-core-module cache-miss
719 http fetch GET 200 https://registry.npmjs.org/readdirp 72ms (cache miss)
720 silly packumentCache full:https://registry.npmjs.org/readdirp set size:undefined disposed:false
721 silly fetch manifest supports-preserve-symlinks-flag@^1.0.0
722 silly packumentCache full:https://registry.npmjs.org/supports-preserve-symlinks-flag cache-miss
723 http fetch GET 200 https://registry.npmjs.org/is-binary-path 73ms (cache miss)
724 silly packumentCache full:https://registry.npmjs.org/is-binary-path set size:undefined disposed:false
725 silly fetch manifest commander@^4.0.0
726 silly packumentCache full:https://registry.npmjs.org/commander cache-miss
727 http fetch GET 200 https://registry.npmjs.org/read-cache 64ms (cache miss)
728 silly packumentCache full:https://registry.npmjs.org/read-cache set size:undefined disposed:false
729 silly fetch manifest lines-and-columns@^1.1.6
730 silly packumentCache full:https://registry.npmjs.org/lines-and-columns cache-miss
731 http fetch GET 200 https://registry.npmjs.org/braces 81ms (cache miss)
732 silly packumentCache full:https://registry.npmjs.org/braces set size:undefined disposed:false
733 silly fetch manifest mz@^2.7.0
734 silly packumentCache full:https://registry.npmjs.org/mz cache-miss
735 http fetch GET 200 https://registry.npmjs.org/braces 94ms (cache miss)
736 silly packumentCache full:https://registry.npmjs.org/braces set size:undefined disposed:false
737 silly fetch manifest pirates@^4.0.1
738 silly packumentCache full:https://registry.npmjs.org/pirates cache-miss
739 http fetch GET 200 https://registry.npmjs.org/merge2 97ms (cache miss)
740 silly packumentCache full:https://registry.npmjs.org/merge2 set size:undefined disposed:false
741 silly fetch manifest tinyglobby@^0.2.11
742 silly packumentCache full:https://registry.npmjs.org/tinyglobby cache-miss
743 http fetch GET 200 https://registry.npmjs.org/util-deprecate 73ms (cache miss)
744 silly packumentCache full:https://registry.npmjs.org/util-deprecate set size:undefined disposed:false
745 silly fetch manifest ts-interface-checker@^0.1.9
746 silly packumentCache full:https://registry.npmjs.org/ts-interface-checker cache-miss
747 http fetch GET 200 https://registry.npmjs.org/cssesc 80ms (cache miss)
748 silly packumentCache full:https://registry.npmjs.org/cssesc set size:undefined disposed:false
749 http fetch GET 200 https://registry.npmjs.org/anymatch 106ms (cache miss)
750 silly packumentCache full:https://registry.npmjs.org/anymatch set size:undefined disposed:false
751 http fetch GET 200 https://registry.npmjs.org/es-errors 69ms (cache miss)
752 silly packumentCache full:https://registry.npmjs.org/es-errors set size:undefined disposed:false
753 http cache https://registry.npmjs.org/tinyglobby 11ms (cache hit)
754 silly packumentCache full:https://registry.npmjs.org/tinyglobby set size:54291 disposed:false
755 http fetch GET 200 https://registry.npmjs.org/path-parse 68ms (cache miss)
756 silly packumentCache full:https://registry.npmjs.org/path-parse set size:undefined disposed:false
757 http fetch GET 200 https://registry.npmjs.org/supports-preserve-symlinks-flag 45ms (cache miss)
758 silly packumentCache full:https://registry.npmjs.org/supports-preserve-symlinks-flag set size:undefined disposed:false
759 http fetch GET 200 https://registry.npmjs.org/is-core-module 68ms (cache miss)
760 silly packumentCache full:https://registry.npmjs.org/is-core-module set size:undefined disposed:false
761 http fetch GET 200 https://registry.npmjs.org/mz 65ms (cache miss)
762 silly packumentCache full:https://registry.npmjs.org/mz set size:undefined disposed:false
763 http fetch GET 200 https://registry.npmjs.org/lines-and-columns 75ms (cache miss)
764 silly packumentCache full:https://registry.npmjs.org/lines-and-columns set size:undefined disposed:false
765 http fetch GET 200 https://registry.npmjs.org/pirates 68ms (cache miss)
766 silly packumentCache full:https://registry.npmjs.org/pirates set size:undefined disposed:false
767 http fetch GET 200 https://registry.npmjs.org/ts-interface-checker 71ms (cache miss)
768 silly packumentCache full:https://registry.npmjs.org/ts-interface-checker set size:undefined disposed:false
769 http fetch GET 200 https://registry.npmjs.org/commander 174ms (cache miss)
770 silly packumentCache full:https://registry.npmjs.org/commander set size:undefined disposed:false
771 http fetch GET 200 https://registry.npmjs.org/@nodelib%2ffs.stat 297ms (cache miss)
772 silly packumentCache full:https://registry.npmjs.org/@nodelib%2ffs.stat set size:undefined disposed:false
773 http fetch GET 200 https://registry.npmjs.org/camelcase-css 290ms (cache miss)
774 silly packumentCache full:https://registry.npmjs.org/camelcase-css set size:undefined disposed:false
775 http fetch GET 200 https://registry.npmjs.org/@nodelib%2ffs.walk 316ms (cache miss)
776 silly packumentCache full:https://registry.npmjs.org/@nodelib%2ffs.walk set size:undefined disposed:false
777 silly placeDep ROOT anymatch@3.1.3 OK for: chokidar@3.6.0 want: ~3.1.2
778 silly placeDep ROOT braces@3.0.3 OK for: chokidar@3.6.0 want: ~3.0.2
779 silly placeDep ROOT fsevents@2.3.3 OK for: chokidar@3.6.0 want: ~2.3.2
780 silly placeDep node_modules/chokidar glob-parent@5.1.2 OK for: chokidar@3.6.0 want: ~5.1.2
781 silly placeDep ROOT is-binary-path@2.1.0 OK for: chokidar@3.6.0 want: ~2.1.0
782 silly placeDep ROOT readdirp@3.6.0 OK for: chokidar@3.6.0 want: ~3.6.0
783 silly fetch manifest picomatch@^2.0.4
784 silly packumentCache full:https://registry.npmjs.org/picomatch cache-hit
785 silly fetch manifest fill-range@^7.1.1
786 silly packumentCache full:https://registry.npmjs.org/fill-range cache-miss
787 silly fetch manifest binary-extensions@^2.0.0
788 silly packumentCache full:https://registry.npmjs.org/binary-extensions cache-miss
789 silly fetch manifest picomatch@^2.2.1
790 silly packumentCache full:https://registry.npmjs.org/picomatch cache-hit
791 http fetch GET 200 https://registry.npmjs.org/fill-range 57ms (cache miss)
792 silly packumentCache full:https://registry.npmjs.org/fill-range set size:undefined disposed:false
793 http fetch GET 200 https://registry.npmjs.org/binary-extensions 70ms (cache miss)
794 silly packumentCache full:https://registry.npmjs.org/binary-extensions set size:undefined disposed:false
795 silly placeDep ROOT picomatch@2.3.2 OK for: anymatch@3.1.3 want: ^2.0.4
796 silly placeDep ROOT fill-range@7.1.1 OK for: braces@3.0.3 want: ^7.1.1
797 silly fetch manifest to-regex-range@^5.0.1
798 silly packumentCache full:https://registry.npmjs.org/to-regex-range cache-miss
799 http fetch GET 200 https://registry.npmjs.org/to-regex-range 327ms (cache miss)
800 silly packumentCache full:https://registry.npmjs.org/to-regex-range set size:undefined disposed:false
801 silly placeDep ROOT @nodelib/fs.stat@2.0.5 OK for: fast-glob@3.3.3 want: ^2.0.2
802 silly placeDep ROOT @nodelib/fs.walk@1.2.8 OK for: fast-glob@3.3.3 want: ^1.2.3
803 silly placeDep node_modules/fast-glob glob-parent@5.1.2 OK for: fast-glob@3.3.3 want: ^5.1.2
804 silly placeDep ROOT merge2@1.4.1 OK for: fast-glob@3.3.3 want: ^1.3.0
805 silly fetch manifest fastq@^1.6.0
806 silly packumentCache full:https://registry.npmjs.org/fastq cache-miss
807 silly fetch manifest @nodelib/fs.scandir@2.1.5
808 silly packumentCache full:https://registry.npmjs.org/@nodelib%2ffs.scandir cache-miss
809 http fetch GET 200 https://registry.npmjs.org/@nodelib%2ffs.scandir 83ms (cache miss)
810 silly packumentCache full:https://registry.npmjs.org/@nodelib%2ffs.scandir set size:undefined disposed:false
811 http fetch GET 200 https://registry.npmjs.org/fastq 90ms (cache miss)
812 silly packumentCache full:https://registry.npmjs.org/fastq set size:undefined disposed:false
813 silly placeDep ROOT @nodelib/fs.scandir@2.1.5 OK for: @nodelib/fs.walk@1.2.8 want: 2.1.5
814 silly placeDep ROOT fastq@1.20.3 OK for: @nodelib/fs.walk@1.2.8 want: ^1.6.0
815 silly fetch manifest run-parallel@^1.1.9
816 silly packumentCache full:https://registry.npmjs.org/run-parallel cache-miss
817 silly fetch manifest reusify@^1.0.4
818 silly packumentCache full:https://registry.npmjs.org/reusify cache-miss
819 http fetch GET 200 https://registry.npmjs.org/run-parallel 48ms (cache miss)
820 silly packumentCache full:https://registry.npmjs.org/run-parallel set size:undefined disposed:false
821 http fetch GET 200 https://registry.npmjs.org/reusify 52ms (cache miss)
822 silly packumentCache full:https://registry.npmjs.org/reusify set size:undefined disposed:false
823 silly placeDep ROOT run-parallel@1.2.0 OK for: @nodelib/fs.scandir@2.1.5 want: ^1.1.9
824 silly fetch manifest queue-microtask@^1.2.2
825 silly packumentCache full:https://registry.npmjs.org/queue-microtask cache-miss
826 http fetch GET 200 https://registry.npmjs.org/queue-microtask 71ms (cache miss)
827 silly packumentCache full:https://registry.npmjs.org/queue-microtask set size:undefined disposed:false
828 silly placeDep ROOT reusify@1.1.0 OK for: fastq@1.20.3 want: ^1.0.4
829 silly placeDep ROOT to-regex-range@5.0.1 OK for: fill-range@7.1.1 want: ^5.0.1
830 silly fetch manifest is-number@^7.0.0
831 silly packumentCache full:https://registry.npmjs.org/is-number cache-miss
832 http fetch GET 200 https://registry.npmjs.org/is-number 49ms (cache miss)
833 silly packumentCache full:https://registry.npmjs.org/is-number set size:undefined disposed:false
834 silly placeDep ROOT binary-extensions@2.3.0 OK for: is-binary-path@2.1.0 want: ^2.0.0
835 silly placeDep ROOT is-extglob@2.1.1 OK for: is-glob@4.0.3 want: ^2.1.1
836 silly placeDep ROOT read-cache@1.0.2 OK for: postcss-import@15.1.0 want: ^1.0.0
837 silly placeDep ROOT camelcase-css@2.0.1 OK for: postcss-js@4.1.0 want: ^2.0.1
838 silly placeDep ROOT cssesc@3.0.0 OK for: postcss-selector-parser@6.1.4 want: ^3.0.0
839 silly placeDep ROOT util-deprecate@1.0.2 OK for: postcss-selector-parser@6.1.4 want: ^1.0.2
840 silly placeDep ROOT es-errors@1.3.0 OK for: resolve@1.22.12 want: ^1.3.0
841 silly placeDep ROOT is-core-module@2.16.2 OK for: resolve@1.22.12 want: ^2.16.1
842 silly placeDep ROOT path-parse@1.0.7 OK for: resolve@1.22.12 want: ^1.0.7
843 silly placeDep ROOT supports-preserve-symlinks-flag@1.0.0 OK for: resolve@1.22.12 want: ^1.0.0
844 silly fetch manifest hasown@^2.0.3
845 silly packumentCache full:https://registry.npmjs.org/hasown cache-miss
846 http fetch GET 200 https://registry.npmjs.org/hasown 54ms (cache miss)
847 silly packumentCache full:https://registry.npmjs.org/hasown set size:undefined disposed:false
848 silly placeDep ROOT hasown@2.0.4 OK for: is-core-module@2.16.2 want: ^2.0.3
849 silly fetch manifest function-bind@^1.1.2
850 silly packumentCache full:https://registry.npmjs.org/function-bind cache-miss
851 http fetch GET 200 https://registry.npmjs.org/function-bind 52ms (cache miss)
852 silly packumentCache full:https://registry.npmjs.org/function-bind set size:undefined disposed:false
853 silly placeDep ROOT function-bind@1.1.2 OK for: hasown@2.0.4 want: ^1.1.2
854 silly placeDep ROOT queue-microtask@1.2.3 OK for: run-parallel@1.2.0 want: ^1.2.2
855 silly placeDep ROOT commander@4.1.1 OK for: sucrase@3.35.1 want: ^4.0.0
856 silly placeDep ROOT lines-and-columns@1.2.4 OK for: sucrase@3.35.1 want: ^1.1.6
857 silly placeDep ROOT mz@2.7.0 OK for: sucrase@3.35.1 want: ^2.7.0
858 silly placeDep ROOT pirates@4.0.7 OK for: sucrase@3.35.1 want: ^4.0.1
859 silly placeDep ROOT tinyglobby@0.2.17 OK for: sucrase@3.35.1 want: ^0.2.11
860 silly placeDep ROOT ts-interface-checker@0.1.13 OK for: sucrase@3.35.1 want: ^0.1.9
861 silly fetch manifest any-promise@^1.0.0
862 silly packumentCache full:https://registry.npmjs.org/any-promise cache-miss
863 silly fetch manifest object-assign@^4.0.1
864 silly packumentCache full:https://registry.npmjs.org/object-assign cache-miss
865 silly fetch manifest thenify-all@^1.0.0
866 silly packumentCache full:https://registry.npmjs.org/thenify-all cache-miss
867 silly fetch manifest picomatch@^4.0.4
868 silly packumentCache full:https://registry.npmjs.org/picomatch cache-hit
869 http fetch GET 200 https://registry.npmjs.org/object-assign 55ms (cache miss)
870 silly packumentCache full:https://registry.npmjs.org/object-assign set size:undefined disposed:false
871 http fetch GET 200 https://registry.npmjs.org/thenify-all 57ms (cache miss)
872 silly packumentCache full:https://registry.npmjs.org/thenify-all set size:undefined disposed:false
873 http fetch GET 200 https://registry.npmjs.org/any-promise 60ms (cache miss)
874 silly packumentCache full:https://registry.npmjs.org/any-promise set size:undefined disposed:false
875 silly placeDep ROOT any-promise@1.3.0 OK for: mz@2.7.0 want: ^1.0.0
876 silly placeDep ROOT object-assign@4.1.1 OK for: mz@2.7.0 want: ^4.0.1
877 silly placeDep ROOT thenify-all@1.6.0 OK for: mz@2.7.0 want: ^1.0.0
878 silly fetch manifest thenify@>= 3.1.0 < 4
879 silly packumentCache full:https://registry.npmjs.org/thenify cache-miss
880 http fetch GET 200 https://registry.npmjs.org/thenify 301ms (cache miss)
881 silly packumentCache full:https://registry.npmjs.org/thenify set size:undefined disposed:false
882 silly placeDep ROOT thenify@3.3.1 OK for: thenify-all@1.6.0 want: >= 3.1.0 < 4
883 silly placeDep node_modules/tinyglobby fdir@6.5.0 OK for: tinyglobby@0.2.17 want: ^6.5.0
884 silly placeDep node_modules/tinyglobby picomatch@4.0.7 OK for: fdir@6.5.0 want: ^3 || ^4
885 silly placeDep ROOT is-number@7.0.0 OK for: to-regex-range@5.0.1 want: ^7.0.0
886 silly placeDep ROOT escalade@3.2.0 OK for: update-browserslist-db@1.3.2 want: ^3.2.0
887 silly placeDep ROOT esbuild@0.28.2 OK for: vite@7.3.6 want: ^0.27.0 || ^0.28.0
888 silly placeDep node_modules/vite fdir@6.5.0 OK for: vite@7.3.6 want: ^6.5.0
889 silly placeDep node_modules/vite picomatch@4.0.7 OK for: fdir@6.5.0 want: ^3 || ^4
890 silly placeDep ROOT rollup@4.63.1 OK for: vite@7.3.6 want: ^4.43.0
891 silly fetch manifest @esbuild/aix-ppc64@0.28.2
892 silly packumentCache full:https://registry.npmjs.org/@esbuild%2faix-ppc64 cache-miss
893 silly fetch manifest @esbuild/linux-arm@0.28.2
894 silly packumentCache full:https://registry.npmjs.org/@esbuild%2flinux-arm cache-miss
895 silly fetch manifest @esbuild/linux-x64@0.28.2
896 silly packumentCache full:https://registry.npmjs.org/@esbuild%2flinux-x64 cache-miss
897 silly fetch manifest @esbuild/sunos-x64@0.28.2
898 silly packumentCache full:https://registry.npmjs.org/@esbuild%2fsunos-x64 cache-miss
899 silly fetch manifest @esbuild/win32-x64@0.28.2
900 silly packumentCache full:https://registry.npmjs.org/@esbuild%2fwin32-x64 cache-miss
901 silly fetch manifest @esbuild/darwin-x64@0.28.2
902 silly packumentCache full:https://registry.npmjs.org/@esbuild%2fdarwin-x64 cache-miss
903 silly fetch manifest @esbuild/linux-ia32@0.28.2
904 silly packumentCache full:https://registry.npmjs.org/@esbuild%2flinux-ia32 cache-miss
905 silly fetch manifest @esbuild/netbsd-x64@0.28.2
906 silly packumentCache full:https://registry.npmjs.org/@esbuild%2fnetbsd-x64 cache-miss
907 silly fetch manifest @esbuild/win32-ia32@0.28.2
908 silly packumentCache full:https://registry.npmjs.org/@esbuild%2fwin32-ia32 cache-miss
909 silly fetch manifest @esbuild/android-arm@0.28.2
910 silly packumentCache full:https://registry.npmjs.org/@esbuild%2fandroid-arm cache-miss
911 silly fetch manifest @esbuild/android-x64@0.28.2
912 silly packumentCache full:https://registry.npmjs.org/@esbuild%2fandroid-x64 cache-miss
913 silly fetch manifest @esbuild/freebsd-x64@0.28.2
914 silly packumentCache full:https://registry.npmjs.org/@esbuild%2ffreebsd-x64 cache-miss
915 silly fetch manifest @esbuild/linux-arm64@0.28.2
916 silly packumentCache full:https://registry.npmjs.org/@esbuild%2flinux-arm64 cache-miss
917 silly fetch manifest @esbuild/linux-ppc64@0.28.2
918 silly packumentCache full:https://registry.npmjs.org/@esbuild%2flinux-ppc64 cache-miss
919 silly fetch manifest @esbuild/linux-s390x@0.28.2
920 silly packumentCache full:https://registry.npmjs.org/@esbuild%2flinux-s390x cache-miss
921 http fetch GET 200 https://registry.npmjs.org/@esbuild%2faix-ppc64 75ms (cache miss)
922 silly packumentCache full:https://registry.npmjs.org/@esbuild%2faix-ppc64 set size:undefined disposed:false
923 silly fetch manifest @esbuild/openbsd-x64@0.28.2
924 silly packumentCache full:https://registry.npmjs.org/@esbuild%2fopenbsd-x64 cache-miss
925 http fetch GET 200 https://registry.npmjs.org/@esbuild%2ffreebsd-x64 106ms (cache miss)
926 silly packumentCache full:https://registry.npmjs.org/@esbuild%2ffreebsd-x64 set size:undefined disposed:false
927 silly fetch manifest @esbuild/win32-arm64@0.28.2
928 silly packumentCache full:https://registry.npmjs.org/@esbuild%2fwin32-arm64 cache-miss
929 http fetch GET 200 https://registry.npmjs.org/@esbuild%2fwin32-ia32 114ms (cache miss)
930 silly packumentCache full:https://registry.npmjs.org/@esbuild%2fwin32-ia32 set size:undefined disposed:false
931 silly fetch manifest @esbuild/darwin-arm64@0.28.2
932 silly packumentCache full:https://registry.npmjs.org/@esbuild%2fdarwin-arm64 cache-miss
933 http fetch GET 200 https://registry.npmjs.org/@esbuild%2fandroid-x64 117ms (cache miss)
934 silly packumentCache full:https://registry.npmjs.org/@esbuild%2fandroid-x64 set size:undefined disposed:false
935 silly fetch manifest @esbuild/netbsd-arm64@0.28.2
936 silly packumentCache full:https://registry.npmjs.org/@esbuild%2fnetbsd-arm64 cache-miss
937 http fetch GET 200 https://registry.npmjs.org/@esbuild%2flinux-ia32 125ms (cache miss)
938 silly packumentCache full:https://registry.npmjs.org/@esbuild%2flinux-ia32 set size:undefined disposed:false
939 silly fetch manifest @esbuild/android-arm64@0.28.2
940 silly packumentCache full:https://registry.npmjs.org/@esbuild%2fandroid-arm64 cache-miss
941 http fetch GET 200 https://registry.npmjs.org/@esbuild%2flinux-ppc64 139ms (cache miss)
942 silly packumentCache full:https://registry.npmjs.org/@esbuild%2flinux-ppc64 set size:undefined disposed:false
943 silly fetch manifest @esbuild/freebsd-arm64@0.28.2
944 silly packumentCache full:https://registry.npmjs.org/@esbuild%2ffreebsd-arm64 cache-miss
945 http fetch GET 200 https://registry.npmjs.org/@esbuild%2flinux-arm 143ms (cache miss)
946 silly packumentCache full:https://registry.npmjs.org/@esbuild%2flinux-arm set size:undefined disposed:false
947 silly fetch manifest @esbuild/linux-loong64@0.28.2
948 silly packumentCache full:https://registry.npmjs.org/@esbuild%2flinux-loong64 cache-miss
949 http fetch GET 200 https://registry.npmjs.org/@esbuild%2fnetbsd-x64 149ms (cache miss)
950 silly packumentCache full:https://registry.npmjs.org/@esbuild%2fnetbsd-x64 set size:undefined disposed:false
951 silly fetch manifest @esbuild/linux-riscv64@0.28.2
952 silly packumentCache full:https://registry.npmjs.org/@esbuild%2flinux-riscv64 cache-miss
953 http fetch GET 200 https://registry.npmjs.org/@esbuild%2flinux-s390x 153ms (cache miss)
954 silly packumentCache full:https://registry.npmjs.org/@esbuild%2flinux-s390x set size:undefined disposed:false
955 silly fetch manifest @esbuild/openbsd-arm64@0.28.2
956 silly packumentCache full:https://registry.npmjs.org/@esbuild%2fopenbsd-arm64 cache-miss
957 http fetch GET 200 https://registry.npmjs.org/@esbuild%2fsunos-x64 164ms (cache miss)
958 silly packumentCache full:https://registry.npmjs.org/@esbuild%2fsunos-x64 set size:undefined disposed:false
959 silly fetch manifest @esbuild/linux-mips64el@0.28.2
960 silly packumentCache full:https://registry.npmjs.org/@esbuild%2flinux-mips64el cache-miss
961 http fetch GET 200 https://registry.npmjs.org/@esbuild%2fopenbsd-x64 94ms (cache miss)
962 silly packumentCache full:https://registry.npmjs.org/@esbuild%2fopenbsd-x64 set size:undefined disposed:false
963 silly fetch manifest @esbuild/openharmony-arm64@0.28.2
964 silly packumentCache full:https://registry.npmjs.org/@esbuild%2fopenharmony-arm64 cache-miss
965 http fetch GET 200 https://registry.npmjs.org/@esbuild%2fwin32-x64 170ms (cache miss)
966 silly packumentCache full:https://registry.npmjs.org/@esbuild%2fwin32-x64 set size:undefined disposed:false
967 silly fetch manifest @types/estree@1.0.9
968 silly packumentCache full:https://registry.npmjs.org/@types%2festree cache-miss
969 http fetch GET 200 https://registry.npmjs.org/@esbuild%2fandroid-arm 175ms (cache miss)
970 silly packumentCache full:https://registry.npmjs.org/@esbuild%2fandroid-arm set size:undefined disposed:false
971 silly fetch manifest @rollup/rollup-darwin-x64@4.63.1
972 silly packumentCache full:https://registry.npmjs.org/@rollup%2frollup-darwin-x64 cache-miss
973 http fetch GET 200 https://registry.npmjs.org/@esbuild%2flinux-x64 204ms (cache miss)
974 silly packumentCache full:https://registry.npmjs.org/@esbuild%2flinux-x64 set size:undefined disposed:false
975 silly fetch manifest @rollup/rollup-freebsd-x64@4.63.1
976 silly packumentCache full:https://registry.npmjs.org/@rollup%2frollup-freebsd-x64 cache-miss
977 http fetch GET 200 https://registry.npmjs.org/@esbuild%2fwin32-arm64 97ms (cache miss)
978 silly packumentCache full:https://registry.npmjs.org/@esbuild%2fwin32-arm64 set size:undefined disposed:false
979 silly fetch manifest @rollup/rollup-openbsd-x64@4.63.1
980 silly packumentCache full:https://registry.npmjs.org/@rollup%2frollup-openbsd-x64 cache-miss
981 http fetch GET 200 https://registry.npmjs.org/@esbuild%2fdarwin-arm64 96ms (cache miss)
982 silly packumentCache full:https://registry.npmjs.org/@esbuild%2fdarwin-arm64 set size:undefined disposed:false
983 silly fetch manifest @napi-rs/lzma-linux-x64-gnu@1.5.1
984 silly packumentCache full:https://registry.npmjs.org/@napi-rs%2flzma-linux-x64-gnu cache-miss
985 http fetch GET 200 https://registry.npmjs.org/@esbuild%2fandroid-arm64 113ms (cache miss)
986 silly packumentCache full:https://registry.npmjs.org/@esbuild%2fandroid-arm64 set size:undefined disposed:false
987 silly fetch manifest @rollup/rollup-darwin-arm64@4.63.1
988 silly packumentCache full:https://registry.npmjs.org/@rollup%2frollup-darwin-arm64 cache-miss
989 http fetch GET 200 https://registry.npmjs.org/@esbuild%2fopenharmony-arm64 76ms (cache miss)
990 silly packumentCache full:https://registry.npmjs.org/@esbuild%2fopenharmony-arm64 set size:undefined disposed:false
991 silly fetch manifest @rollup/rollup-android-arm64@4.63.1
992 silly packumentCache full:https://registry.npmjs.org/@rollup%2frollup-android-arm64 cache-miss
993 http fetch GET 200 https://registry.npmjs.org/@esbuild%2fopenbsd-arm64 89ms (cache miss)
994 silly packumentCache full:https://registry.npmjs.org/@esbuild%2fopenbsd-arm64 set size:undefined disposed:false
995 silly fetch manifest @rollup/rollup-freebsd-arm64@4.63.1
996 silly packumentCache full:https://registry.npmjs.org/@rollup%2frollup-freebsd-arm64 cache-miss
997 http fetch GET 200 https://registry.npmjs.org/@types%2festree 80ms (cache miss)
998 silly packumentCache full:https://registry.npmjs.org/@types%2festree set size:undefined disposed:false
999 silly fetch manifest @rollup/rollup-linux-x64-gnu@4.63.1
1000 silly packumentCache full:https://registry.npmjs.org/@rollup%2frollup-linux-x64-gnu cache-miss
1001 http fetch GET 200 https://registry.npmjs.org/@esbuild%2ffreebsd-arm64 127ms (cache miss)
1002 silly packumentCache full:https://registry.npmjs.org/@esbuild%2ffreebsd-arm64 set size:undefined disposed:false
1003 silly fetch manifest @rollup/rollup-win32-x64-gnu@4.63.1
1004 silly packumentCache full:https://registry.npmjs.org/@rollup%2frollup-win32-x64-gnu cache-miss
1005 http fetch GET 200 https://registry.npmjs.org/@napi-rs%2flzma-linux-x64-gnu 63ms (cache miss)
1006 silly packumentCache full:https://registry.npmjs.org/@napi-rs%2flzma-linux-x64-gnu set size:undefined disposed:false
1007 silly fetch manifest @rollup/rollup-linux-x64-musl@4.63.1
1008 silly packumentCache full:https://registry.npmjs.org/@rollup%2frollup-linux-x64-musl cache-miss
1009 http fetch GET 200 https://registry.npmjs.org/@esbuild%2flinux-loong64 140ms (cache miss)
1010 silly packumentCache full:https://registry.npmjs.org/@esbuild%2flinux-loong64 set size:undefined disposed:false
1011 silly fetch manifest @rollup/rollup-win32-x64-msvc@4.63.1
1012 silly packumentCache full:https://registry.npmjs.org/@rollup%2frollup-win32-x64-msvc cache-miss
1013 http fetch GET 200 https://registry.npmjs.org/@esbuild%2flinux-mips64el 133ms (cache miss)
1014 silly packumentCache full:https://registry.npmjs.org/@esbuild%2flinux-mips64el set size:undefined disposed:false
1015 silly fetch manifest @rollup/rollup-linux-arm64-gnu@4.63.1
1016 silly packumentCache full:https://registry.npmjs.org/@rollup%2frollup-linux-arm64-gnu cache-miss
1017 http fetch GET 200 https://registry.npmjs.org/@esbuild%2flinux-riscv64 150ms (cache miss)
1018 silly packumentCache full:https://registry.npmjs.org/@esbuild%2flinux-riscv64 set size:undefined disposed:false
1019 silly fetch manifest @rollup/rollup-linux-ppc64-gnu@4.63.1
1020 silly packumentCache full:https://registry.npmjs.org/@rollup%2frollup-linux-ppc64-gnu cache-miss
1021 http fetch GET 200 https://registry.npmjs.org/@esbuild%2fdarwin-x64 307ms (cache miss)
1022 silly packumentCache full:https://registry.npmjs.org/@esbuild%2fdarwin-x64 set size:undefined disposed:false
1023 silly fetch manifest @rollup/rollup-linux-s390x-gnu@4.63.1
1024 silly packumentCache full:https://registry.npmjs.org/@rollup%2frollup-linux-s390x-gnu cache-miss
1025 http fetch GET 200 https://registry.npmjs.org/@rollup%2frollup-linux-s390x-gnu 70ms (cache miss)
1026 silly packumentCache full:https://registry.npmjs.org/@rollup%2frollup-linux-s390x-gnu set size:undefined disposed:false
1027 silly fetch manifest @rollup/rollup-win32-ia32-msvc@4.63.1
1028 silly packumentCache full:https://registry.npmjs.org/@rollup%2frollup-win32-ia32-msvc cache-miss
1029 http fetch GET 200 https://registry.npmjs.org/@rollup%2frollup-linux-x64-musl 104ms (cache miss)
1030 silly packumentCache full:https://registry.npmjs.org/@rollup%2frollup-linux-x64-musl set size:undefined disposed:false
1031 silly fetch manifest @rollup/rollup-android-arm-eabi@4.63.1
1032 silly packumentCache full:https://registry.npmjs.org/@rollup%2frollup-android-arm-eabi cache-miss
1033 http fetch GET 200 https://registry.npmjs.org/@rollup%2frollup-android-arm64 154ms (cache miss)
1034 silly packumentCache full:https://registry.npmjs.org/@rollup%2frollup-android-arm64 set size:undefined disposed:false
1035 silly fetch manifest @rollup/rollup-linux-arm64-musl@4.63.1
1036 silly packumentCache full:https://registry.npmjs.org/@rollup%2frollup-linux-arm64-musl cache-miss
1037 http fetch GET 200 https://registry.npmjs.org/@esbuild%2flinux-arm64 442ms (cache miss)
1038 silly packumentCache full:https://registry.npmjs.org/@esbuild%2flinux-arm64 set size:undefined disposed:false
1039 silly fetch manifest @rollup/rollup-linux-ppc64-musl@4.63.1
1040 silly packumentCache full:https://registry.npmjs.org/@rollup%2frollup-linux-ppc64-musl cache-miss
1041 http fetch GET 200 https://registry.npmjs.org/@rollup%2frollup-linux-arm64-gnu 151ms (cache miss)
1042 silly packumentCache full:https://registry.npmjs.org/@rollup%2frollup-linux-arm64-gnu set size:undefined disposed:false
1043 silly fetch manifest @rollup/rollup-win32-arm64-msvc@4.63.1
1044 silly packumentCache full:https://registry.npmjs.org/@rollup%2frollup-win32-arm64-msvc cache-miss
1045 http fetch GET 200 https://registry.npmjs.org/@rollup%2frollup-darwin-x64 293ms (cache miss)
1046 silly packumentCache full:https://registry.npmjs.org/@rollup%2frollup-darwin-x64 set size:undefined disposed:false
1047 silly fetch manifest @rollup/rollup-linux-loong64-gnu@4.63.1
1048 silly packumentCache full:https://registry.npmjs.org/@rollup%2frollup-linux-loong64-gnu cache-miss
1049 http fetch GET 200 https://registry.npmjs.org/@rollup%2frollup-openbsd-x64 289ms (cache miss)
1050 silly packumentCache full:https://registry.npmjs.org/@rollup%2frollup-openbsd-x64 set size:undefined disposed:false
1051 silly fetch manifest @rollup/rollup-linux-riscv64-gnu@4.63.1
1052 silly packumentCache full:https://registry.npmjs.org/@rollup%2frollup-linux-riscv64-gnu cache-miss
1053 http fetch GET 200 https://registry.npmjs.org/@rollup%2frollup-linux-arm64-musl 136ms (cache miss)
1054 silly packumentCache full:https://registry.npmjs.org/@rollup%2frollup-linux-arm64-musl set size:undefined disposed:false
1055 silly fetch manifest @rollup/rollup-openharmony-arm64@4.63.1
1056 silly packumentCache full:https://registry.npmjs.org/@rollup%2frollup-openharmony-arm64 cache-miss
1057 http fetch GET 200 https://registry.npmjs.org/@rollup%2frollup-linux-loong64-gnu 84ms (cache miss)
1058 silly packumentCache full:https://registry.npmjs.org/@rollup%2frollup-linux-loong64-gnu set size:undefined disposed:false
1059 silly fetch manifest @rollup/rollup-linux-loong64-musl@4.63.1
1060 silly packumentCache full:https://registry.npmjs.org/@rollup%2frollup-linux-loong64-musl cache-miss
1061 http fetch GET 200 https://registry.npmjs.org/@rollup%2frollup-darwin-arm64 324ms (cache miss)
1062 silly packumentCache full:https://registry.npmjs.org/@rollup%2frollup-darwin-arm64 set size:undefined disposed:false
1063 silly fetch manifest @rollup/rollup-linux-riscv64-musl@4.63.1
1064 silly packumentCache full:https://registry.npmjs.org/@rollup%2frollup-linux-riscv64-musl cache-miss
1065 http fetch GET 200 https://registry.npmjs.org/@rollup%2frollup-freebsd-x64 372ms (cache miss)
1066 silly packumentCache full:https://registry.npmjs.org/@rollup%2frollup-freebsd-x64 set size:undefined disposed:false
1067 silly fetch manifest @rollup/rollup-linux-arm-gnueabihf@4.63.1
1068 silly packumentCache full:https://registry.npmjs.org/@rollup%2frollup-linux-arm-gnueabihf cache-miss
1069 http fetch GET 200 https://registry.npmjs.org/@rollup%2frollup-freebsd-arm64 334ms (cache miss)
1070 silly packumentCache full:https://registry.npmjs.org/@rollup%2frollup-freebsd-arm64 set size:undefined disposed:false
1071 silly fetch manifest @rollup/rollup-linux-arm-musleabihf@4.63.1
1072 silly packumentCache full:https://registry.npmjs.org/@rollup%2frollup-linux-arm-musleabihf cache-miss
1073 http fetch GET 200 https://registry.npmjs.org/@rollup%2frollup-linux-riscv64-gnu 90ms (cache miss)
1074 silly packumentCache full:https://registry.npmjs.org/@rollup%2frollup-linux-riscv64-gnu set size:undefined disposed:false
1075 http fetch GET 200 https://registry.npmjs.org/@rollup%2frollup-win32-x64-gnu 326ms (cache miss)
1076 silly packumentCache full:https://registry.npmjs.org/@rollup%2frollup-win32-x64-gnu set size:undefined disposed:false
1077 http fetch GET 200 https://registry.npmjs.org/@rollup%2frollup-linux-ppc64-gnu 313ms (cache miss)
1078 silly packumentCache full:https://registry.npmjs.org/@rollup%2frollup-linux-ppc64-gnu set size:undefined disposed:false
1079 http fetch GET 200 https://registry.npmjs.org/@rollup%2frollup-win32-x64-msvc 349ms (cache miss)
1080 silly packumentCache full:https://registry.npmjs.org/@rollup%2frollup-win32-x64-msvc set size:undefined disposed:false
1081 http fetch GET 200 https://registry.npmjs.org/@esbuild%2fnetbsd-arm64 560ms (cache miss)
1082 silly packumentCache full:https://registry.npmjs.org/@esbuild%2fnetbsd-arm64 set size:undefined disposed:false
1083 http fetch GET 200 https://registry.npmjs.org/@rollup%2frollup-win32-ia32-msvc 320ms (cache miss)
1084 silly packumentCache full:https://registry.npmjs.org/@rollup%2frollup-win32-ia32-msvc set size:undefined disposed:false
1085 http fetch GET 200 https://registry.npmjs.org/@rollup%2frollup-openharmony-arm64 227ms (cache miss)
1086 silly packumentCache full:https://registry.npmjs.org/@rollup%2frollup-openharmony-arm64 set size:undefined disposed:false
1087 http fetch GET 200 https://registry.npmjs.org/@rollup%2frollup-linux-ppc64-musl 326ms (cache miss)
1088 silly packumentCache full:https://registry.npmjs.org/@rollup%2frollup-linux-ppc64-musl set size:undefined disposed:false
1089 http fetch GET 200 https://registry.npmjs.org/@rollup%2frollup-linux-x64-gnu 593ms (cache miss)
1090 silly packumentCache full:https://registry.npmjs.org/@rollup%2frollup-linux-x64-gnu set size:undefined disposed:false
1091 http fetch GET 200 https://registry.npmjs.org/@rollup%2frollup-win32-arm64-msvc 397ms (cache miss)
1092 silly packumentCache full:https://registry.npmjs.org/@rollup%2frollup-win32-arm64-msvc set size:undefined disposed:false
1093 http fetch GET 200 https://registry.npmjs.org/@rollup%2frollup-linux-loong64-musl 312ms (cache miss)
1094 silly packumentCache full:https://registry.npmjs.org/@rollup%2frollup-linux-loong64-musl set size:undefined disposed:false
1095 http fetch GET 200 https://registry.npmjs.org/@rollup%2frollup-linux-riscv64-musl 314ms (cache miss)
1096 silly packumentCache full:https://registry.npmjs.org/@rollup%2frollup-linux-riscv64-musl set size:undefined disposed:false
1097 http fetch GET 200 https://registry.npmjs.org/@rollup%2frollup-android-arm-eabi 585ms (cache miss)
1098 silly packumentCache full:https://registry.npmjs.org/@rollup%2frollup-android-arm-eabi set size:undefined disposed:false
1099 http fetch GET 200 https://registry.npmjs.org/@rollup%2frollup-linux-arm-gnueabihf 418ms (cache miss)
1100 silly packumentCache full:https://registry.npmjs.org/@rollup%2frollup-linux-arm-gnueabihf set size:undefined disposed:false
1101 http fetch GET 200 https://registry.npmjs.org/@rollup%2frollup-linux-arm-musleabihf 815ms (cache miss)
1102 silly packumentCache full:https://registry.npmjs.org/@rollup%2frollup-linux-arm-musleabihf set size:undefined disposed:false
1103 silly placeDep ROOT @esbuild/aix-ppc64@0.28.2 OK for: esbuild@0.28.2 want: 0.28.2
1104 silly placeDep ROOT @esbuild/android-arm@0.28.2 OK for: esbuild@0.28.2 want: 0.28.2
1105 silly placeDep ROOT @esbuild/android-arm64@0.28.2 OK for: esbuild@0.28.2 want: 0.28.2
1106 silly placeDep ROOT @esbuild/android-x64@0.28.2 OK for: esbuild@0.28.2 want: 0.28.2
1107 silly placeDep ROOT @esbuild/darwin-arm64@0.28.2 OK for: esbuild@0.28.2 want: 0.28.2
1108 silly placeDep ROOT @esbuild/darwin-x64@0.28.2 OK for: esbuild@0.28.2 want: 0.28.2
1109 silly placeDep ROOT @esbuild/freebsd-arm64@0.28.2 OK for: esbuild@0.28.2 want: 0.28.2
1110 silly placeDep ROOT @esbuild/freebsd-x64@0.28.2 OK for: esbuild@0.28.2 want: 0.28.2
1111 silly placeDep ROOT @esbuild/linux-arm@0.28.2 OK for: esbuild@0.28.2 want: 0.28.2
1112 silly placeDep ROOT @esbuild/linux-arm64@0.28.2 OK for: esbuild@0.28.2 want: 0.28.2
1113 silly placeDep ROOT @esbuild/linux-ia32@0.28.2 OK for: esbuild@0.28.2 want: 0.28.2
1114 silly placeDep ROOT @esbuild/linux-loong64@0.28.2 OK for: esbuild@0.28.2 want: 0.28.2
1115 silly placeDep ROOT @esbuild/linux-mips64el@0.28.2 OK for: esbuild@0.28.2 want: 0.28.2
1116 silly placeDep ROOT @esbuild/linux-ppc64@0.28.2 OK for: esbuild@0.28.2 want: 0.28.2
1117 silly placeDep ROOT @esbuild/linux-riscv64@0.28.2 OK for: esbuild@0.28.2 want: 0.28.2
1118 silly placeDep ROOT @esbuild/linux-s390x@0.28.2 OK for: esbuild@0.28.2 want: 0.28.2
1119 silly placeDep ROOT @esbuild/linux-x64@0.28.2 OK for: esbuild@0.28.2 want: 0.28.2
1120 silly placeDep ROOT @esbuild/netbsd-arm64@0.28.2 OK for: esbuild@0.28.2 want: 0.28.2
1121 silly placeDep ROOT @esbuild/netbsd-x64@0.28.2 OK for: esbuild@0.28.2 want: 0.28.2
1122 silly placeDep ROOT @esbuild/openbsd-arm64@0.28.2 OK for: esbuild@0.28.2 want: 0.28.2
1123 silly placeDep ROOT @esbuild/openbsd-x64@0.28.2 OK for: esbuild@0.28.2 want: 0.28.2
1124 silly placeDep ROOT @esbuild/openharmony-arm64@0.28.2 OK for: esbuild@0.28.2 want: 0.28.2
1125 silly placeDep ROOT @esbuild/sunos-x64@0.28.2 OK for: esbuild@0.28.2 want: 0.28.2
1126 silly placeDep ROOT @esbuild/win32-arm64@0.28.2 OK for: esbuild@0.28.2 want: 0.28.2
1127 silly placeDep ROOT @esbuild/win32-ia32@0.28.2 OK for: esbuild@0.28.2 want: 0.28.2
1128 silly placeDep ROOT @esbuild/win32-x64@0.28.2 OK for: esbuild@0.28.2 want: 0.28.2
1129 silly placeDep ROOT @napi-rs/lzma-linux-x64-gnu@1.5.1 OK for: rollup@4.63.1 want: 1.5.1
1130 silly placeDep ROOT @rollup/rollup-android-arm-eabi@4.63.1 OK for: rollup@4.63.1 want: 4.63.1
1131 silly placeDep ROOT @rollup/rollup-android-arm64@4.63.1 OK for: rollup@4.63.1 want: 4.63.1
1132 silly placeDep ROOT @rollup/rollup-darwin-arm64@4.63.1 OK for: rollup@4.63.1 want: 4.63.1
1133 silly placeDep ROOT @rollup/rollup-darwin-x64@4.63.1 OK for: rollup@4.63.1 want: 4.63.1
1134 silly placeDep ROOT @rollup/rollup-freebsd-arm64@4.63.1 OK for: rollup@4.63.1 want: 4.63.1
1135 silly placeDep ROOT @rollup/rollup-freebsd-x64@4.63.1 OK for: rollup@4.63.1 want: 4.63.1
1136 silly placeDep ROOT @rollup/rollup-linux-arm-gnueabihf@4.63.1 OK for: rollup@4.63.1 want: 4.63.1
1137 silly placeDep ROOT @rollup/rollup-linux-arm-musleabihf@4.63.1 OK for: rollup@4.63.1 want: 4.63.1
1138 silly placeDep ROOT @rollup/rollup-linux-arm64-gnu@4.63.1 OK for: rollup@4.63.1 want: 4.63.1
1139 silly placeDep ROOT @rollup/rollup-linux-arm64-musl@4.63.1 OK for: rollup@4.63.1 want: 4.63.1
1140 silly placeDep ROOT @rollup/rollup-linux-loong64-gnu@4.63.1 OK for: rollup@4.63.1 want: 4.63.1
1141 silly placeDep ROOT @rollup/rollup-linux-loong64-musl@4.63.1 OK for: rollup@4.63.1 want: 4.63.1
1142 silly placeDep ROOT @rollup/rollup-linux-ppc64-gnu@4.63.1 OK for: rollup@4.63.1 want: 4.63.1
1143 silly placeDep ROOT @rollup/rollup-linux-ppc64-musl@4.63.1 OK for: rollup@4.63.1 want: 4.63.1
1144 silly placeDep ROOT @rollup/rollup-linux-riscv64-gnu@4.63.1 OK for: rollup@4.63.1 want: 4.63.1
1145 silly placeDep ROOT @rollup/rollup-linux-riscv64-musl@4.63.1 OK for: rollup@4.63.1 want: 4.63.1
1146 silly placeDep ROOT @rollup/rollup-linux-s390x-gnu@4.63.1 OK for: rollup@4.63.1 want: 4.63.1
1147 silly placeDep ROOT @rollup/rollup-linux-x64-gnu@4.63.1 OK for: rollup@4.63.1 want: 4.63.1
1148 silly placeDep ROOT @rollup/rollup-linux-x64-musl@4.63.1 OK for: rollup@4.63.1 want: 4.63.1
1149 silly placeDep ROOT @rollup/rollup-openbsd-x64@4.63.1 OK for: rollup@4.63.1 want: 4.63.1
1150 silly placeDep ROOT @rollup/rollup-openharmony-arm64@4.63.1 OK for: rollup@4.63.1 want: 4.63.1
1151 silly placeDep ROOT @rollup/rollup-win32-arm64-msvc@4.63.1 OK for: rollup@4.63.1 want: 4.63.1
1152 silly placeDep ROOT @rollup/rollup-win32-ia32-msvc@4.63.1 OK for: rollup@4.63.1 want: 4.63.1
1153 silly placeDep ROOT @rollup/rollup-win32-x64-gnu@4.63.1 OK for: rollup@4.63.1 want: 4.63.1
1154 silly placeDep ROOT @rollup/rollup-win32-x64-msvc@4.63.1 OK for: rollup@4.63.1 want: 4.63.1
1155 silly placeDep ROOT @types/estree@1.0.9 OK for: rollup@4.63.1 want: 1.0.9
1156 silly reify moves {}
1157 silly audit bulk request {
1157 silly audit   '@supabase/supabase-js': [ '2.112.4' ],
1157 silly audit   '@vitejs/plugin-react': [ '5.2.0' ],
1157 silly audit   vite: [ '7.3.6' ],
1157 silly audit   autoprefixer: [ '10.5.4' ],
1157 silly audit   postcss: [ '8.5.26' ],
1157 silly audit   'lucide-react': [ '0.468.0' ],
1157 silly audit   react: [ '19.2.8' ],
1157 silly audit   'react-dom': [ '19.2.8' ],
1157 silly audit   'react-router-dom': [ '7.18.3' ],
1157 silly audit   tailwindcss: [ '3.4.19' ],
1157 silly audit   '@supabase/auth-js': [ '2.112.4' ],
1157 silly audit   '@supabase/functions-js': [ '2.112.4' ],
1157 silly audit   '@supabase/postgrest-js': [ '2.112.4' ],
1157 silly audit   '@supabase/realtime-js': [ '2.112.4' ],
1157 silly audit   '@supabase/storage-js': [ '2.112.4' ],
1157 silly audit   tslib: [ '2.8.1' ],
1157 silly audit   '@supabase/phoenix': [ '0.4.5' ],
1157 silly audit   'iceberg-js': [ '0.8.1' ],
1157 silly audit   '@babel/core': [ '7.29.7' ],
1157 silly audit   '@babel/plugin-transform-react-jsx-self': [ '7.29.7' ],
1157 silly audit   '@babel/plugin-transform-react-jsx-source': [ '7.29.7' ],
1157 silly audit   '@rolldown/pluginutils': [ '1.0.0-rc.3' ],
1157 silly audit   '@types/babel__core': [ '7.20.5' ],
1157 silly audit   'react-refresh': [ '0.18.0' ],
1157 silly audit   '@babel/code-frame': [ '7.29.7' ],
1157 silly audit   '@babel/generator': [ '7.29.8' ],
1157 silly audit   '@babel/helper-compilation-targets': [ '7.29.7' ],
1157 silly audit   '@babel/helper-module-transforms': [ '7.29.7' ],
1157 silly audit   '@babel/helpers': [ '7.29.7' ],
1157 silly audit   '@babel/parser': [ '7.29.8' ],
1157 silly audit   '@babel/template': [ '7.29.7' ],
1157 silly audit   '@babel/traverse': [ '7.29.8' ],
1157 silly audit   '@babel/types': [ '7.29.8' ],
1157 silly audit   '@jridgewell/remapping': [ '2.3.5' ],
1157 silly audit   'convert-source-map': [ '2.0.0' ],
1157 silly audit   debug: [ '4.4.3' ],
1157 silly audit   gensync: [ '1.0.0-beta.2' ],
1157 silly audit   json5: [ '2.2.3' ],
1157 silly audit   semver: [ '6.3.1' ],
1157 silly audit   '@babel/helper-validator-identifier': [ '7.29.7' ],
1157 silly audit   'js-tokens': [ '4.0.0' ],
1157 silly audit   picocolors: [ '1.1.1' ],
1157 silly audit   '@jridgewell/gen-mapping': [ '0.3.13' ],
1157 silly audit   '@jridgewell/trace-mapping': [ '0.3.31' ],
1157 silly audit   jsesc: [ '3.1.0' ],
1157 silly audit   '@babel/compat-data': [ '7.29.7' ],
1157 silly audit   '@babel/helper-validator-option': [ '7.29.7' ],
1157 silly audit   browserslist: [ '4.28.8' ],
1157 silly audit   'lru-cache': [ '5.1.1' ],
1157 silly audit   '@babel/helper-module-imports': [ '7.29.7' ],
1157 silly audit   '@babel/helper-plugin-utils': [ '7.29.7' ],
1157 silly audit   '@babel/helper-globals': [ '7.29.7' ],
1157 silly audit   '@babel/helper-string-parser': [ '7.29.7' ],
1157 silly audit   '@jridgewell/sourcemap-codec': [ '1.6.0' ],
1157 silly audit   '@jridgewell/resolve-uri': [ '3.1.2' ],
1157 silly audit   '@types/babel__generator': [ '7.27.0' ],
1157 silly audit   '@types/babel__template': [ '7.4.4' ],
1157 silly audit   '@types/babel__traverse': [ '7.28.0' ],
1157 silly audit   'caniuse-lite': [ '1.0.30001810' ],
1157 silly audit   'fraction.js': [ '5.3.4' ],
1157 silly audit   'postcss-value-parser': [ '4.2.0' ],
1157 silly audit   'baseline-browser-mapping': [ '2.11.20' ],
1157 silly audit   'electron-to-chromium': [ '1.5.416' ],
1157 silly audit   'node-releases': [ '2.0.54' ],
1157 silly audit   'update-browserslist-db': [ '1.3.2' ],
1157 silly audit   ms: [ '2.1.3' ],
1157 silly audit   yallist: [ '3.1.1' ],
1157 silly audit   nanoid: [ '3.3.18' ],
1157 silly audit   'source-map-js': [ '1.2.1' ],
1157 silly audit   scheduler: [ '0.27.0' ],
1157 silly audit   'react-router': [ '7.18.3' ],
1157 silly audit   cookie: [ '1.1.1' ],
1157 silly audit   'set-cookie-parser': [ '2.7.2' ],
1157 silly audit   '@alloc/quick-lru': [ '5.2.0' ],
1157 silly audit   arg: [ '5.0.2' ],
1157 silly audit   chokidar: [ '3.6.0' ],
1157 silly audit   didyoumean: [ '1.2.2' ],
1157 silly audit   dlv: [ '1.1.3' ],
1157 silly audit   'fast-glob': [ '3.3.3' ],
1157 silly audit   'glob-parent': [ '6.0.2', '5.1.2' ],
1157 silly audit   'is-glob': [ '4.0.3' ],
1157 silly audit   jiti: [ '1.21.7' ],
1157 silly audit   lilconfig: [ '3.1.3' ],
1157 silly audit   micromatch: [ '4.0.8' ],
1157 silly audit   'normalize-path': [ '3.0.0' ],
1157 silly audit   'object-hash': [ '3.0.0' ],
1157 silly audit   'postcss-import': [ '15.1.0' ],
1157 silly audit   'postcss-js': [ '4.1.0' ],
1157 silly audit   'postcss-load-config': [ '6.0.1' ],
1157 silly audit   'postcss-nested': [ '6.2.0' ],
1157 silly audit   'postcss-selector-parser': [ '6.1.4' ],
1157 silly audit   resolve: [ '1.22.12' ],
1157 silly audit   sucrase: [ '3.35.1' ],
1157 silly audit   anymatch: [ '3.1.3' ],
1157 silly audit   braces: [ '3.0.3' ],
1157 silly audit   fsevents: [ '2.3.3' ],
1157 silly audit   'is-binary-path': [ '2.1.0' ],
1157 silly audit   readdirp: [ '3.6.0' ],
1157 silly audit   picomatch: [ '2.3.2', '4.0.7' ],
1157 silly audit   'fill-range': [ '7.1.1' ],
1157 silly audit   '@nodelib/fs.stat': [ '2.0.5' ],
1157 silly audit   '@nodelib/fs.walk': [ '1.2.8' ],
1157 silly audit   merge2: [ '1.4.1' ],
1157 silly audit   '@nodelib/fs.scandir': [ '2.1.5' ],
1157 silly audit   fastq: [ '1.20.3' ],
1157 silly audit   'run-parallel': [ '1.2.0' ],
1157 silly audit   reusify: [ '1.1.0' ],
1157 silly audit   'to-regex-range': [ '5.0.1' ],
1157 silly audit   'binary-extensions': [ '2.3.0' ],
1157 silly audit   'is-extglob': [ '2.1.1' ],
1157 silly audit   'read-cache': [ '1.0.2' ],
1157 silly audit   'camelcase-css': [ '2.0.1' ],
1157 silly audit   cssesc: [ '3.0.0' ],
1157 silly audit   'util-deprecate': [ '1.0.2' ],
1157 silly audit   'es-errors': [ '1.3.0' ],
1157 silly audit   'is-core-module': [ '2.16.2' ],
1157 silly audit   'path-parse': [ '1.0.7' ],
1157 silly audit   'supports-preserve-symlinks-flag': [ '1.0.0' ],
1157 silly audit   hasown: [ '2.0.4' ],
1157 silly audit   'function-bind': [ '1.1.2' ],
1157 silly audit   'queue-microtask': [ '1.2.3' ],
1157 silly audit   commander: [ '4.1.1' ],
1157 silly audit   'lines-and-columns': [ '1.2.4' ],
1157 silly audit   mz: [ '2.7.0' ],
1157 silly audit   pirates: [ '4.0.7' ],
1157 silly audit   tinyglobby: [ '0.2.17' ],
1157 silly audit   'ts-interface-checker': [ '0.1.13' ],
1157 silly audit   'any-promise': [ '1.3.0' ],
1157 silly audit   'object-assign': [ '4.1.1' ],
1157 silly audit   'thenify-all': [ '1.6.0' ],
1157 silly audit   thenify: [ '3.3.1' ],
1157 silly audit   fdir: [ '6.5.0' ],
1157 silly audit   'is-number': [ '7.0.0' ],
1157 silly audit   escalade: [ '3.2.0' ],
1157 silly audit   esbuild: [ '0.28.2' ],
1157 silly audit   rollup: [ '4.63.1' ],
1157 silly audit   '@esbuild/aix-ppc64': [ '0.28.2' ],
1157 silly audit   '@esbuild/android-arm': [ '0.28.2' ],
1157 silly audit   '@esbuild/android-arm64': [ '0.28.2' ],
1157 silly audit   '@esbuild/android-x64': [ '0.28.2' ],
1157 silly audit   '@esbuild/darwin-arm64': [ '0.28.2' ],
1157 silly audit   '@esbuild/darwin-x64': [ '0.28.2' ],
1157 silly audit   '@esbuild/freebsd-arm64': [ '0.28.2' ],
1157 silly audit   '@esbuild/freebsd-x64': [ '0.28.2' ],
1157 silly audit   '@esbuild/linux-arm': [ '0.28.2' ],
1157 silly audit   '@esbuild/linux-arm64': [ '0.28.2' ],
1157 silly audit   '@esbuild/linux-ia32': [ '0.28.2' ],
1157 silly audit   '@esbuild/linux-loong64': [ '0.28.2' ],
1157 silly audit   '@esbuild/linux-mips64el': [ '0.28.2' ],
1157 silly audit   '@esbuild/linux-ppc64': [ '0.28.2' ],
1157 silly audit   '@esbuild/linux-riscv64': [ '0.28.2' ],
1157 silly audit   '@esbuild/linux-s390x': [ '0.28.2' ],
1157 silly audit   '@esbuild/linux-x64': [ '0.28.2' ],
1157 silly audit   '@esbuild/netbsd-arm64': [ '0.28.2' ],
1157 silly audit   '@esbuild/netbsd-x64': [ '0.28.2' ],
1157 silly audit   '@esbuild/openbsd-arm64': [ '0.28.2' ],
1157 silly audit   '@esbuild/openbsd-x64': [ '0.28.2' ],
1157 silly audit   '@esbuild/openharmony-arm64': [ '0.28.2' ],
1157 silly audit   '@esbuild/sunos-x64': [ '0.28.2' ],
1157 silly audit   '@esbuild/win32-arm64': [ '0.28.2' ],
1157 silly audit   '@esbuild/win32-ia32': [ '0.28.2' ],
1157 silly audit   '@esbuild/win32-x64': [ '0.28.2' ],
1157 silly audit   '@napi-rs/lzma-linux-x64-gnu': [ '1.5.1' ],
1157 silly audit   '@rollup/rollup-android-arm-eabi': [ '4.63.1' ],
1157 silly audit   '@rollup/rollup-android-arm64': [ '4.63.1' ],
1157 silly audit   '@rollup/rollup-darwin-arm64': [ '4.63.1' ],
1157 silly audit   '@rollup/rollup-darwin-x64': [ '4.63.1' ],
1157 silly audit   '@rollup/rollup-freebsd-arm64': [ '4.63.1' ],
1157 silly audit   '@rollup/rollup-freebsd-x64': [ '4.63.1' ],
1157 silly audit   '@rollup/rollup-linux-arm-gnueabihf': [ '4.63.1' ],
1157 silly audit   '@rollup/rollup-linux-arm-musleabihf': [ '4.63.1' ],
1157 silly audit   '@rollup/rollup-linux-arm64-gnu': [ '4.63.1' ],
1157 silly audit   '@rollup/rollup-linux-arm64-musl': [ '4.63.1' ],
1157 silly audit   '@rollup/rollup-linux-loong64-gnu': [ '4.63.1' ],
1157 silly audit   '@rollup/rollup-linux-loong64-musl': [ '4.63.1' ],
1157 silly audit   '@rollup/rollup-linux-ppc64-gnu': [ '4.63.1' ],
1157 silly audit   '@rollup/rollup-linux-ppc64-musl': [ '4.63.1' ],
1157 silly audit   '@rollup/rollup-linux-riscv64-gnu': [ '4.63.1' ],
1157 silly audit   '@rollup/rollup-linux-riscv64-musl': [ '4.63.1' ],
1157 silly audit   '@rollup/rollup-linux-s390x-gnu': [ '4.63.1' ],
1157 silly audit   '@rollup/rollup-linux-x64-gnu': [ '4.63.1' ],
1157 silly audit   '@rollup/rollup-linux-x64-musl': [ '4.63.1' ],
1157 silly audit   '@rollup/rollup-openbsd-x64': [ '4.63.1' ],
1157 silly audit   '@rollup/rollup-openharmony-arm64': [ '4.63.1' ],
1157 silly audit   '@rollup/rollup-win32-arm64-msvc': [ '4.63.1' ],
1157 silly audit   '@rollup/rollup-win32-ia32-msvc': [ '4.63.1' ],
1157 silly audit   '@rollup/rollup-win32-x64-gnu': [ '4.63.1' ],
1157 silly audit   '@rollup/rollup-win32-x64-msvc': [ '4.63.1' ],
1157 silly audit   '@types/estree': [ '1.0.9' ]
1157 silly audit }
1158 http cache @types/estree@https://registry.npmjs.org/@types/estree/-/estree-1.0.9.tgz 0ms (cache hit)
1159 http cache rollup@https://registry.npmjs.org/rollup/-/rollup-4.63.1.tgz 0ms (cache hit)
1160 http cache @rollup/rollup-win32-x64-msvc@https://registry.npmjs.org/@rollup/rollup-win32-x64-msvc/-/rollup-win32-x64-msvc-4.63.1.tgz 0ms (cache hit)
1161 http cache escalade@https://registry.npmjs.org/escalade/-/escalade-3.2.0.tgz 0ms (cache hit)
1162 http cache @esbuild/win32-x64@https://registry.npmjs.org/@esbuild/win32-x64/-/win32-x64-0.28.2.tgz 0ms (cache hit)
1163 http cache @rollup/rollup-win32-x64-gnu@https://registry.npmjs.org/@rollup/rollup-win32-x64-gnu/-/rollup-win32-x64-gnu-4.63.1.tgz 0ms (cache hit)
1164 http cache is-number@https://registry.npmjs.org/is-number/-/is-number-7.0.0.tgz 0ms (cache hit)
1165 http cache esbuild@https://registry.npmjs.org/esbuild/-/esbuild-0.28.2.tgz 0ms (cache hit)
1166 http cache thenify@https://registry.npmjs.org/thenify/-/thenify-3.3.1.tgz 0ms (cache hit)
1167 http cache object-assign@https://registry.npmjs.org/object-assign/-/object-assign-4.1.1.tgz 0ms (cache hit)
1168 http cache any-promise@https://registry.npmjs.org/any-promise/-/any-promise-1.3.0.tgz 0ms (cache hit)
1169 http cache thenify-all@https://registry.npmjs.org/thenify-all/-/thenify-all-1.6.0.tgz 0ms (cache hit)
1170 http cache pirates@https://registry.npmjs.org/pirates/-/pirates-4.0.7.tgz 1ms (cache hit)
1171 http cache ts-interface-checker@https://registry.npmjs.org/ts-interface-checker/-/ts-interface-checker-0.1.13.tgz 0ms (cache hit)
1172 http cache tinyglobby@https://registry.npmjs.org/tinyglobby/-/tinyglobby-0.2.17.tgz 0ms (cache hit)
1173 http cache lines-and-columns@https://registry.npmjs.org/lines-and-columns/-/lines-and-columns-1.2.4.tgz 0ms (cache hit)
1174 http cache mz@https://registry.npmjs.org/mz/-/mz-2.7.0.tgz 0ms (cache hit)
1175 http cache commander@https://registry.npmjs.org/commander/-/commander-4.1.1.tgz 0ms (cache hit)
1176 http cache hasown@https://registry.npmjs.org/hasown/-/hasown-2.0.4.tgz 0ms (cache hit)
1177 http cache queue-microtask@https://registry.npmjs.org/queue-microtask/-/queue-microtask-1.2.3.tgz 0ms (cache hit)
1178 http cache function-bind@https://registry.npmjs.org/function-bind/-/function-bind-1.1.2.tgz 0ms (cache hit)
1179 http cache supports-preserve-symlinks-flag@https://registry.npmjs.org/supports-preserve-symlinks-flag/-/supports-preserve-symlinks-flag-1.0.0.tgz 0ms (cache hit)
1180 http cache path-parse@https://registry.npmjs.org/path-parse/-/path-parse-1.0.7.tgz 0ms (cache hit)
1181 http cache util-deprecate@https://registry.npmjs.org/util-deprecate/-/util-deprecate-1.0.2.tgz 0ms (cache hit)
1182 http cache is-core-module@https://registry.npmjs.org/is-core-module/-/is-core-module-2.16.2.tgz 0ms (cache hit)
1183 http cache es-errors@https://registry.npmjs.org/es-errors/-/es-errors-1.3.0.tgz 0ms (cache hit)
1184 http cache read-cache@https://registry.npmjs.org/read-cache/-/read-cache-1.0.2.tgz 0ms (cache hit)
1185 http cache camelcase-css@https://registry.npmjs.org/camelcase-css/-/camelcase-css-2.0.1.tgz 0ms (cache hit)
1186 http cache cssesc@https://registry.npmjs.org/cssesc/-/cssesc-3.0.0.tgz 0ms (cache hit)
1187 http cache binary-extensions@https://registry.npmjs.org/binary-extensions/-/binary-extensions-2.3.0.tgz 0ms (cache hit)
1188 http cache is-extglob@https://registry.npmjs.org/is-extglob/-/is-extglob-2.1.1.tgz 0ms (cache hit)
1189 http cache to-regex-range@https://registry.npmjs.org/to-regex-range/-/to-regex-range-5.0.1.tgz 0ms (cache hit)
1190 http cache reusify@https://registry.npmjs.org/reusify/-/reusify-1.1.0.tgz 0ms (cache hit)
1191 http cache @nodelib/fs.scandir@https://registry.npmjs.org/@nodelib/fs.scandir/-/fs.scandir-2.1.5.tgz 0ms (cache hit)
1192 http cache merge2@https://registry.npmjs.org/merge2/-/merge2-1.4.1.tgz 0ms (cache hit)
1193 http cache run-parallel@https://registry.npmjs.org/run-parallel/-/run-parallel-1.2.0.tgz 0ms (cache hit)
1194 http cache fastq@https://registry.npmjs.org/fastq/-/fastq-1.20.3.tgz 0ms (cache hit)
1195 http cache @nodelib/fs.walk@https://registry.npmjs.org/@nodelib/fs.walk/-/fs.walk-1.2.8.tgz 0ms (cache hit)
1196 http cache @nodelib/fs.stat@https://registry.npmjs.org/@nodelib/fs.stat/-/fs.stat-2.0.5.tgz 0ms (cache hit)
1197 http cache fill-range@https://registry.npmjs.org/fill-range/-/fill-range-7.1.1.tgz 0ms (cache hit)
1198 http cache readdirp@https://registry.npmjs.org/readdirp/-/readdirp-3.6.0.tgz 0ms (cache hit)
1199 http cache is-binary-path@https://registry.npmjs.org/is-binary-path/-/is-binary-path-2.1.0.tgz 0ms (cache hit)
1200 http cache picomatch@https://registry.npmjs.org/picomatch/-/picomatch-2.3.2.tgz 0ms (cache hit)
1201 http cache braces@https://registry.npmjs.org/braces/-/braces-3.0.3.tgz 0ms (cache hit)
1202 http cache anymatch@https://registry.npmjs.org/anymatch/-/anymatch-3.1.3.tgz 0ms (cache hit)
1203 http cache sucrase@https://registry.npmjs.org/sucrase/-/sucrase-3.35.1.tgz 0ms (cache hit)
1204 http cache resolve@https://registry.npmjs.org/resolve/-/resolve-1.22.12.tgz 0ms (cache hit)
1205 http cache postcss-selector-parser@https://registry.npmjs.org/postcss-selector-parser/-/postcss-selector-parser-6.1.4.tgz 0ms (cache hit)
1206 http cache postcss-nested@https://registry.npmjs.org/postcss-nested/-/postcss-nested-6.2.0.tgz 0ms (cache hit)
1207 http cache postcss-load-config@https://registry.npmjs.org/postcss-load-config/-/postcss-load-config-6.0.1.tgz 0ms (cache hit)
1208 http cache postcss-js@https://registry.npmjs.org/postcss-js/-/postcss-js-4.1.0.tgz 0ms (cache hit)
1209 http cache postcss-import@https://registry.npmjs.org/postcss-import/-/postcss-import-15.1.0.tgz 0ms (cache hit)
1210 http cache object-hash@https://registry.npmjs.org/object-hash/-/object-hash-3.0.0.tgz 0ms (cache hit)
1211 http cache normalize-path@https://registry.npmjs.org/normalize-path/-/normalize-path-3.0.0.tgz 0ms (cache hit)
1212 http cache jiti@https://registry.npmjs.org/jiti/-/jiti-1.21.7.tgz 0ms (cache hit)
1213 http cache micromatch@https://registry.npmjs.org/micromatch/-/micromatch-4.0.8.tgz 0ms (cache hit)
1214 http cache lilconfig@https://registry.npmjs.org/lilconfig/-/lilconfig-3.1.3.tgz 0ms (cache hit)
1215 http cache is-glob@https://registry.npmjs.org/is-glob/-/is-glob-4.0.3.tgz 0ms (cache hit)
1216 http cache glob-parent@https://registry.npmjs.org/glob-parent/-/glob-parent-6.0.2.tgz 0ms (cache hit)
1217 http cache dlv@https://registry.npmjs.org/dlv/-/dlv-1.1.3.tgz 0ms (cache hit)
1218 http cache fast-glob@https://registry.npmjs.org/fast-glob/-/fast-glob-3.3.3.tgz 0ms (cache hit)
1219 http cache chokidar@https://registry.npmjs.org/chokidar/-/chokidar-3.6.0.tgz 0ms (cache hit)
1220 http cache didyoumean@https://registry.npmjs.org/didyoumean/-/didyoumean-1.2.2.tgz 0ms (cache hit)
1221 http cache @alloc/quick-lru@https://registry.npmjs.org/@alloc/quick-lru/-/quick-lru-5.2.0.tgz 0ms (cache hit)
1222 http cache arg@https://registry.npmjs.org/arg/-/arg-5.0.2.tgz 0ms (cache hit)
1223 http cache react-router@https://registry.npmjs.org/react-router/-/react-router-7.18.3.tgz 0ms (cache hit)
1224 http cache scheduler@https://registry.npmjs.org/scheduler/-/scheduler-0.27.0.tgz 0ms (cache hit)
1225 http cache cookie@https://registry.npmjs.org/cookie/-/cookie-1.1.1.tgz 0ms (cache hit)
1226 http cache set-cookie-parser@https://registry.npmjs.org/set-cookie-parser/-/set-cookie-parser-2.7.2.tgz 0ms (cache hit)
1227 http cache source-map-js@https://registry.npmjs.org/source-map-js/-/source-map-js-1.2.1.tgz 0ms (cache hit)
1228 http cache nanoid@https://registry.npmjs.org/nanoid/-/nanoid-3.3.18.tgz 0ms (cache hit)
1229 http cache yallist@https://registry.npmjs.org/yallist/-/yallist-3.1.1.tgz 0ms (cache hit)
1230 http cache ms@https://registry.npmjs.org/ms/-/ms-2.1.3.tgz 0ms (cache hit)
1231 http cache node-releases@https://registry.npmjs.org/node-releases/-/node-releases-2.0.54.tgz 0ms (cache hit)
1232 http cache update-browserslist-db@https://registry.npmjs.org/update-browserslist-db/-/update-browserslist-db-1.3.2.tgz 0ms (cache hit)
1233 http cache electron-to-chromium@https://registry.npmjs.org/electron-to-chromium/-/electron-to-chromium-1.5.416.tgz 0ms (cache hit)
1234 http cache postcss-value-parser@https://registry.npmjs.org/postcss-value-parser/-/postcss-value-parser-4.2.0.tgz 0ms (cache hit)
1235 http cache @types/babel__traverse@https://registry.npmjs.org/@types/babel__traverse/-/babel__traverse-7.28.0.tgz 0ms (cache hit)
1236 http cache baseline-browser-mapping@https://registry.npmjs.org/baseline-browser-mapping/-/baseline-browser-mapping-2.11.20.tgz 0ms (cache hit)
1237 http cache @types/babel__template@https://registry.npmjs.org/@types/babel__template/-/babel__template-7.4.4.tgz 0ms (cache hit)
1238 http cache fraction.js@https://registry.npmjs.org/fraction.js/-/fraction.js-5.3.4.tgz 0ms (cache hit)
1239 http cache caniuse-lite@https://registry.npmjs.org/caniuse-lite/-/caniuse-lite-1.0.30001810.tgz 0ms (cache hit)
1240 http cache @types/babel__generator@https://registry.npmjs.org/@types/babel__generator/-/babel__generator-7.27.0.tgz 0ms (cache hit)
1241 http cache @jridgewell/sourcemap-codec@https://registry.npmjs.org/@jridgewell/sourcemap-codec/-/sourcemap-codec-1.6.0.tgz 0ms (cache hit)
1242 http cache @jridgewell/resolve-uri@https://registry.npmjs.org/@jridgewell/resolve-uri/-/resolve-uri-3.1.2.tgz 0ms (cache hit)
1243 http cache @babel/helper-globals@https://registry.npmjs.org/@babel/helper-globals/-/helper-globals-7.29.7.tgz 0ms (cache hit)
1244 http cache @babel/helper-string-parser@https://registry.npmjs.org/@babel/helper-string-parser/-/helper-string-parser-7.29.7.tgz 0ms (cache hit)
1245 http cache lru-cache@https://registry.npmjs.org/lru-cache/-/lru-cache-5.1.1.tgz 0ms (cache hit)
1246 http cache @babel/helper-plugin-utils@https://registry.npmjs.org/@babel/helper-plugin-utils/-/helper-plugin-utils-7.29.7.tgz 0ms (cache hit)
1247 http cache @babel/helper-module-imports@https://registry.npmjs.org/@babel/helper-module-imports/-/helper-module-imports-7.29.7.tgz 0ms (cache hit)
1248 http cache browserslist@https://registry.npmjs.org/browserslist/-/browserslist-4.28.8.tgz 0ms (cache hit)
1249 http cache jsesc@https://registry.npmjs.org/jsesc/-/jsesc-3.1.0.tgz 0ms (cache hit)
1250 http cache @jridgewell/trace-mapping@https://registry.npmjs.org/@jridgewell/trace-mapping/-/trace-mapping-0.3.31.tgz 0ms (cache hit)
1251 http cache @babel/helper-validator-option@https://registry.npmjs.org/@babel/helper-validator-option/-/helper-validator-option-7.29.7.tgz 0ms (cache hit)
1252 http cache @babel/compat-data@https://registry.npmjs.org/@babel/compat-data/-/compat-data-7.29.7.tgz 0ms (cache hit)
1253 http cache @jridgewell/gen-mapping@https://registry.npmjs.org/@jridgewell/gen-mapping/-/gen-mapping-0.3.13.tgz 0ms (cache hit)
1254 http cache @babel/helper-validator-identifier@https://registry.npmjs.org/@babel/helper-validator-identifier/-/helper-validator-identifier-7.29.7.tgz 0ms (cache hit)
1255 http cache js-tokens@https://registry.npmjs.org/js-tokens/-/js-tokens-4.0.0.tgz 0ms (cache hit)
1256 http cache picocolors@https://registry.npmjs.org/picocolors/-/picocolors-1.1.1.tgz 0ms (cache hit)
1257 http cache semver@https://registry.npmjs.org/semver/-/semver-6.3.1.tgz 0ms (cache hit)
1258 http cache json5@https://registry.npmjs.org/json5/-/json5-2.2.3.tgz 0ms (cache hit)
1259 http cache gensync@https://registry.npmjs.org/gensync/-/gensync-1.0.0-beta.2.tgz 0ms (cache hit)
1260 http cache debug@https://registry.npmjs.org/debug/-/debug-4.4.3.tgz 0ms (cache hit)
1261 http cache convert-source-map@https://registry.npmjs.org/convert-source-map/-/convert-source-map-2.0.0.tgz 0ms (cache hit)
1262 http cache @babel/types@https://registry.npmjs.org/@babel/types/-/types-7.29.8.tgz 0ms (cache hit)
1263 http cache @jridgewell/remapping@https://registry.npmjs.org/@jridgewell/remapping/-/remapping-2.3.5.tgz 0ms (cache hit)
1264 http cache @babel/template@https://registry.npmjs.org/@babel/template/-/template-7.29.7.tgz 0ms (cache hit)
1265 http cache @babel/parser@https://registry.npmjs.org/@babel/parser/-/parser-7.29.8.tgz 0ms (cache hit)
1266 http cache @babel/helpers@https://registry.npmjs.org/@babel/helpers/-/helpers-7.29.7.tgz 0ms (cache hit)
1267 http cache @babel/traverse@https://registry.npmjs.org/@babel/traverse/-/traverse-7.29.8.tgz 0ms (cache hit)
1268 http cache react-refresh@https://registry.npmjs.org/react-refresh/-/react-refresh-0.18.0.tgz 0ms (cache hit)
1269 http cache @babel/helper-compilation-targets@https://registry.npmjs.org/@babel/helper-compilation-targets/-/helper-compilation-targets-7.29.7.tgz 0ms (cache hit)
1270 http cache @babel/helper-module-transforms@https://registry.npmjs.org/@babel/helper-module-transforms/-/helper-module-transforms-7.29.7.tgz 0ms (cache hit)
1271 http cache @babel/code-frame@https://registry.npmjs.org/@babel/code-frame/-/code-frame-7.29.7.tgz 0ms (cache hit)
1272 http cache @babel/generator@https://registry.npmjs.org/@babel/generator/-/generator-7.29.8.tgz 0ms (cache hit)
1273 http cache @babel/plugin-transform-react-jsx-source@https://registry.npmjs.org/@babel/plugin-transform-react-jsx-source/-/plugin-transform-react-jsx-source-7.29.7.tgz 0ms (cache hit)
1274 http cache @rolldown/pluginutils@https://registry.npmjs.org/@rolldown/pluginutils/-/pluginutils-1.0.0-rc.3.tgz 0ms (cache hit)
1275 http cache @types/babel__core@https://registry.npmjs.org/@types/babel__core/-/babel__core-7.20.5.tgz 0ms (cache hit)
1276 http cache iceberg-js@https://registry.npmjs.org/iceberg-js/-/iceberg-js-0.8.1.tgz 0ms (cache hit)
1277 http cache @babel/plugin-transform-react-jsx-self@https://registry.npmjs.org/@babel/plugin-transform-react-jsx-self/-/plugin-transform-react-jsx-self-7.29.7.tgz 0ms (cache hit)
1278 http cache @babel/core@https://registry.npmjs.org/@babel/core/-/core-7.29.7.tgz 0ms (cache hit)
1279 http cache @supabase/phoenix@https://registry.npmjs.org/@supabase/phoenix/-/phoenix-0.4.5.tgz 0ms (cache hit)
1280 http cache @supabase/storage-js@https://registry.npmjs.org/@supabase/storage-js/-/storage-js-2.112.4.tgz 0ms (cache hit)
1281 http cache @supabase/realtime-js@https://registry.npmjs.org/@supabase/realtime-js/-/realtime-js-2.112.4.tgz 0ms (cache hit)
1282 http cache tslib@https://registry.npmjs.org/tslib/-/tslib-2.8.1.tgz 0ms (cache hit)
1283 http cache @supabase/postgrest-js@https://registry.npmjs.org/@supabase/postgrest-js/-/postgrest-js-2.112.4.tgz 0ms (cache hit)
1284 http cache tailwindcss@https://registry.npmjs.org/tailwindcss/-/tailwindcss-3.4.19.tgz 0ms (cache hit)
1285 http cache @supabase/auth-js@https://registry.npmjs.org/@supabase/auth-js/-/auth-js-2.112.4.tgz 0ms (cache hit)
1286 http cache @supabase/functions-js@https://registry.npmjs.org/@supabase/functions-js/-/functions-js-2.112.4.tgz 0ms (cache hit)
1287 http cache react-router-dom@https://registry.npmjs.org/react-router-dom/-/react-router-dom-7.18.3.tgz 0ms (cache hit)
1288 http cache react@https://registry.npmjs.org/react/-/react-19.2.8.tgz 0ms (cache hit)
1289 http cache react-dom@https://registry.npmjs.org/react-dom/-/react-dom-19.2.8.tgz 0ms (cache hit)
1290 http cache postcss@https://registry.npmjs.org/postcss/-/postcss-8.5.26.tgz 0ms (cache hit)
1291 http cache lucide-react@https://registry.npmjs.org/lucide-react/-/lucide-react-0.468.0.tgz 0ms (cache hit)
1292 http cache autoprefixer@https://registry.npmjs.org/autoprefixer/-/autoprefixer-10.5.4.tgz 0ms (cache hit)
1293 http cache @supabase/supabase-js@https://registry.npmjs.org/@supabase/supabase-js/-/supabase-js-2.112.4.tgz 0ms (cache hit)
1294 http cache @vitejs/plugin-react@https://registry.npmjs.org/@vitejs/plugin-react/-/plugin-react-5.2.0.tgz 0ms (cache hit)
1295 http cache glob-parent@https://registry.npmjs.org/glob-parent/-/glob-parent-5.1.2.tgz 0ms (cache hit)
1296 http cache glob-parent@https://registry.npmjs.org/glob-parent/-/glob-parent-5.1.2.tgz 0ms (cache hit)
1297 http cache vite@https://registry.npmjs.org/vite/-/vite-7.3.6.tgz 0ms (cache hit)
1298 http cache picomatch@https://registry.npmjs.org/picomatch/-/picomatch-4.0.7.tgz 0ms (cache hit)
1299 http cache fdir@https://registry.npmjs.org/fdir/-/fdir-6.5.0.tgz 0ms (cache hit)
1300 http cache picomatch@https://registry.npmjs.org/picomatch/-/picomatch-4.0.7.tgz 0ms (cache hit)
1301 silly tarball no local data for @types/estree@https://registry.npmjs.org/@types/estree/-/estree-1.0.9.tgz. Extracting by manifest.
1302 http cache fdir@https://registry.npmjs.org/fdir/-/fdir-6.5.0.tgz 0ms (cache hit)
1303 silly tarball no local data for rollup@https://registry.npmjs.org/rollup/-/rollup-4.63.1.tgz. Extracting by manifest.
1304 silly tarball no local data for @rollup/rollup-win32-x64-msvc@https://registry.npmjs.org/@rollup/rollup-win32-x64-msvc/-/rollup-win32-x64-msvc-4.63.1.tgz. Extracting by manifest.
1305 silly tarball no local data for escalade@https://registry.npmjs.org/escalade/-/escalade-3.2.0.tgz. Extracting by manifest.
1306 silly tarball no local data for @esbuild/win32-x64@https://registry.npmjs.org/@esbuild/win32-x64/-/win32-x64-0.28.2.tgz. Extracting by manifest.
1307 silly tarball no local data for @rollup/rollup-win32-x64-gnu@https://registry.npmjs.org/@rollup/rollup-win32-x64-gnu/-/rollup-win32-x64-gnu-4.63.1.tgz. Extracting by manifest.
1308 silly tarball no local data for is-number@https://registry.npmjs.org/is-number/-/is-number-7.0.0.tgz. Extracting by manifest.
1309 silly tarball no local data for esbuild@https://registry.npmjs.org/esbuild/-/esbuild-0.28.2.tgz. Extracting by manifest.
1310 silly tarball no local data for thenify@https://registry.npmjs.org/thenify/-/thenify-3.3.1.tgz. Extracting by manifest.
1311 silly tarball no local data for object-assign@https://registry.npmjs.org/object-assign/-/object-assign-4.1.1.tgz. Extracting by manifest.
1312 silly tarball no local data for any-promise@https://registry.npmjs.org/any-promise/-/any-promise-1.3.0.tgz. Extracting by manifest.
1313 silly tarball no local data for thenify-all@https://registry.npmjs.org/thenify-all/-/thenify-all-1.6.0.tgz. Extracting by manifest.
1314 silly tarball no local data for pirates@https://registry.npmjs.org/pirates/-/pirates-4.0.7.tgz. Extracting by manifest.
1315 silly tarball no local data for ts-interface-checker@https://registry.npmjs.org/ts-interface-checker/-/ts-interface-checker-0.1.13.tgz. Extracting by manifest.
1316 silly tarball no local data for tinyglobby@https://registry.npmjs.org/tinyglobby/-/tinyglobby-0.2.17.tgz. Extracting by manifest.
1317 silly tarball no local data for lines-and-columns@https://registry.npmjs.org/lines-and-columns/-/lines-and-columns-1.2.4.tgz. Extracting by manifest.
1318 silly tarball no local data for mz@https://registry.npmjs.org/mz/-/mz-2.7.0.tgz. Extracting by manifest.
1319 silly tarball no local data for commander@https://registry.npmjs.org/commander/-/commander-4.1.1.tgz. Extracting by manifest.
1320 silly tarball no local data for hasown@https://registry.npmjs.org/hasown/-/hasown-2.0.4.tgz. Extracting by manifest.
1321 silly tarball no local data for queue-microtask@https://registry.npmjs.org/queue-microtask/-/queue-microtask-1.2.3.tgz. Extracting by manifest.
1322 silly tarball no local data for function-bind@https://registry.npmjs.org/function-bind/-/function-bind-1.1.2.tgz. Extracting by manifest.
1323 silly tarball no local data for supports-preserve-symlinks-flag@https://registry.npmjs.org/supports-preserve-symlinks-flag/-/supports-preserve-symlinks-flag-1.0.0.tgz. Extracting by manifest.
1324 silly tarball no local data for path-parse@https://registry.npmjs.org/path-parse/-/path-parse-1.0.7.tgz. Extracting by manifest.
1325 silly tarball no local data for util-deprecate@https://registry.npmjs.org/util-deprecate/-/util-deprecate-1.0.2.tgz. Extracting by manifest.
1326 silly tarball no local data for is-core-module@https://registry.npmjs.org/is-core-module/-/is-core-module-2.16.2.tgz. Extracting by manifest.
1327 silly tarball no local data for es-errors@https://registry.npmjs.org/es-errors/-/es-errors-1.3.0.tgz. Extracting by manifest.
1328 silly tarball no local data for read-cache@https://registry.npmjs.org/read-cache/-/read-cache-1.0.2.tgz. Extracting by manifest.
1329 silly tarball no local data for camelcase-css@https://registry.npmjs.org/camelcase-css/-/camelcase-css-2.0.1.tgz. Extracting by manifest.
1330 silly tarball no local data for cssesc@https://registry.npmjs.org/cssesc/-/cssesc-3.0.0.tgz. Extracting by manifest.
1331 silly tarball no local data for binary-extensions@https://registry.npmjs.org/binary-extensions/-/binary-extensions-2.3.0.tgz. Extracting by manifest.
1332 silly tarball no local data for is-extglob@https://registry.npmjs.org/is-extglob/-/is-extglob-2.1.1.tgz. Extracting by manifest.
1333 silly tarball no local data for to-regex-range@https://registry.npmjs.org/to-regex-range/-/to-regex-range-5.0.1.tgz. Extracting by manifest.
1334 silly tarball no local data for reusify@https://registry.npmjs.org/reusify/-/reusify-1.1.0.tgz. Extracting by manifest.
1335 silly tarball no local data for @nodelib/fs.scandir@https://registry.npmjs.org/@nodelib/fs.scandir/-/fs.scandir-2.1.5.tgz. Extracting by manifest.
1336 silly tarball no local data for merge2@https://registry.npmjs.org/merge2/-/merge2-1.4.1.tgz. Extracting by manifest.
1337 silly tarball no local data for run-parallel@https://registry.npmjs.org/run-parallel/-/run-parallel-1.2.0.tgz. Extracting by manifest.
1338 silly tarball no local data for fastq@https://registry.npmjs.org/fastq/-/fastq-1.20.3.tgz. Extracting by manifest.
1339 silly tarball no local data for @nodelib/fs.walk@https://registry.npmjs.org/@nodelib/fs.walk/-/fs.walk-1.2.8.tgz. Extracting by manifest.
1340 silly tarball no local data for @nodelib/fs.stat@https://registry.npmjs.org/@nodelib/fs.stat/-/fs.stat-2.0.5.tgz. Extracting by manifest.
1341 silly tarball no local data for fill-range@https://registry.npmjs.org/fill-range/-/fill-range-7.1.1.tgz. Extracting by manifest.
1342 silly tarball no local data for readdirp@https://registry.npmjs.org/readdirp/-/readdirp-3.6.0.tgz. Extracting by manifest.
1343 silly tarball no local data for is-binary-path@https://registry.npmjs.org/is-binary-path/-/is-binary-path-2.1.0.tgz. Extracting by manifest.
1344 silly tarball no local data for picomatch@https://registry.npmjs.org/picomatch/-/picomatch-2.3.2.tgz. Extracting by manifest.
1345 silly tarball no local data for braces@https://registry.npmjs.org/braces/-/braces-3.0.3.tgz. Extracting by manifest.
1346 silly tarball no local data for anymatch@https://registry.npmjs.org/anymatch/-/anymatch-3.1.3.tgz. Extracting by manifest.
1347 silly tarball no local data for sucrase@https://registry.npmjs.org/sucrase/-/sucrase-3.35.1.tgz. Extracting by manifest.
1348 silly tarball no local data for resolve@https://registry.npmjs.org/resolve/-/resolve-1.22.12.tgz. Extracting by manifest.
1349 silly tarball no local data for postcss-selector-parser@https://registry.npmjs.org/postcss-selector-parser/-/postcss-selector-parser-6.1.4.tgz. Extracting by manifest.
1350 silly tarball no local data for postcss-nested@https://registry.npmjs.org/postcss-nested/-/postcss-nested-6.2.0.tgz. Extracting by manifest.
1351 silly tarball no local data for postcss-load-config@https://registry.npmjs.org/postcss-load-config/-/postcss-load-config-6.0.1.tgz. Extracting by manifest.
1352 silly tarball no local data for postcss-js@https://registry.npmjs.org/postcss-js/-/postcss-js-4.1.0.tgz. Extracting by manifest.
1353 silly tarball no local data for postcss-import@https://registry.npmjs.org/postcss-import/-/postcss-import-15.1.0.tgz. Extracting by manifest.
1354 silly tarball no local data for object-hash@https://registry.npmjs.org/object-hash/-/object-hash-3.0.0.tgz. Extracting by manifest.
1355 silly tarball no local data for normalize-path@https://registry.npmjs.org/normalize-path/-/normalize-path-3.0.0.tgz. Extracting by manifest.
1356 silly tarball no local data for jiti@https://registry.npmjs.org/jiti/-/jiti-1.21.7.tgz. Extracting by manifest.
1357 silly tarball no local data for micromatch@https://registry.npmjs.org/micromatch/-/micromatch-4.0.8.tgz. Extracting by manifest.
1358 silly tarball no local data for lilconfig@https://registry.npmjs.org/lilconfig/-/lilconfig-3.1.3.tgz. Extracting by manifest.
1359 silly tarball no local data for is-glob@https://registry.npmjs.org/is-glob/-/is-glob-4.0.3.tgz. Extracting by manifest.
1360 silly tarball no local data for glob-parent@https://registry.npmjs.org/glob-parent/-/glob-parent-6.0.2.tgz. Extracting by manifest.
1361 silly tarball no local data for dlv@https://registry.npmjs.org/dlv/-/dlv-1.1.3.tgz. Extracting by manifest.
1362 silly tarball no local data for fast-glob@https://registry.npmjs.org/fast-glob/-/fast-glob-3.3.3.tgz. Extracting by manifest.
1363 silly tarball no local data for chokidar@https://registry.npmjs.org/chokidar/-/chokidar-3.6.0.tgz. Extracting by manifest.
1364 silly tarball no local data for didyoumean@https://registry.npmjs.org/didyoumean/-/didyoumean-1.2.2.tgz. Extracting by manifest.
1365 silly tarball no local data for @alloc/quick-lru@https://registry.npmjs.org/@alloc/quick-lru/-/quick-lru-5.2.0.tgz. Extracting by manifest.
1366 silly tarball no local data for arg@https://registry.npmjs.org/arg/-/arg-5.0.2.tgz. Extracting by manifest.
1367 silly tarball no local data for react-router@https://registry.npmjs.org/react-router/-/react-router-7.18.3.tgz. Extracting by manifest.
1368 silly tarball no local data for scheduler@https://registry.npmjs.org/scheduler/-/scheduler-0.27.0.tgz. Extracting by manifest.
1369 silly tarball no local data for cookie@https://registry.npmjs.org/cookie/-/cookie-1.1.1.tgz. Extracting by manifest.
1370 silly tarball no local data for set-cookie-parser@https://registry.npmjs.org/set-cookie-parser/-/set-cookie-parser-2.7.2.tgz. Extracting by manifest.
1371 silly tarball no local data for source-map-js@https://registry.npmjs.org/source-map-js/-/source-map-js-1.2.1.tgz. Extracting by manifest.
1372 silly tarball no local data for nanoid@https://registry.npmjs.org/nanoid/-/nanoid-3.3.18.tgz. Extracting by manifest.
1373 silly tarball no local data for yallist@https://registry.npmjs.org/yallist/-/yallist-3.1.1.tgz. Extracting by manifest.
1374 silly tarball no local data for ms@https://registry.npmjs.org/ms/-/ms-2.1.3.tgz. Extracting by manifest.
1375 silly tarball no local data for node-releases@https://registry.npmjs.org/node-releases/-/node-releases-2.0.54.tgz. Extracting by manifest.
1376 silly tarball no local data for update-browserslist-db@https://registry.npmjs.org/update-browserslist-db/-/update-browserslist-db-1.3.2.tgz. Extracting by manifest.
1377 silly tarball no local data for electron-to-chromium@https://registry.npmjs.org/electron-to-chromium/-/electron-to-chromium-1.5.416.tgz. Extracting by manifest.
1378 silly tarball no local data for postcss-value-parser@https://registry.npmjs.org/postcss-value-parser/-/postcss-value-parser-4.2.0.tgz. Extracting by manifest.
1379 silly tarball no local data for @types/babel__traverse@https://registry.npmjs.org/@types/babel__traverse/-/babel__traverse-7.28.0.tgz. Extracting by manifest.
1380 silly tarball no local data for baseline-browser-mapping@https://registry.npmjs.org/baseline-browser-mapping/-/baseline-browser-mapping-2.11.20.tgz. Extracting by manifest.
1381 silly tarball no local data for @types/babel__template@https://registry.npmjs.org/@types/babel__template/-/babel__template-7.4.4.tgz. Extracting by manifest.
1382 silly tarball no local data for fraction.js@https://registry.npmjs.org/fraction.js/-/fraction.js-5.3.4.tgz. Extracting by manifest.
1383 silly tarball no local data for caniuse-lite@https://registry.npmjs.org/caniuse-lite/-/caniuse-lite-1.0.30001810.tgz. Extracting by manifest.
1384 silly tarball no local data for @types/babel__generator@https://registry.npmjs.org/@types/babel__generator/-/babel__generator-7.27.0.tgz. Extracting by manifest.
1385 silly tarball no local data for @jridgewell/sourcemap-codec@https://registry.npmjs.org/@jridgewell/sourcemap-codec/-/sourcemap-codec-1.6.0.tgz. Extracting by manifest.
1386 silly tarball no local data for @jridgewell/resolve-uri@https://registry.npmjs.org/@jridgewell/resolve-uri/-/resolve-uri-3.1.2.tgz. Extracting by manifest.
1387 silly tarball no local data for @babel/helper-globals@https://registry.npmjs.org/@babel/helper-globals/-/helper-globals-7.29.7.tgz. Extracting by manifest.
1388 silly tarball no local data for @babel/helper-string-parser@https://registry.npmjs.org/@babel/helper-string-parser/-/helper-string-parser-7.29.7.tgz. Extracting by manifest.
1389 silly tarball no local data for lru-cache@https://registry.npmjs.org/lru-cache/-/lru-cache-5.1.1.tgz. Extracting by manifest.
1390 silly tarball no local data for @babel/helper-plugin-utils@https://registry.npmjs.org/@babel/helper-plugin-utils/-/helper-plugin-utils-7.29.7.tgz. Extracting by manifest.
1391 silly tarball no local data for @babel/helper-module-imports@https://registry.npmjs.org/@babel/helper-module-imports/-/helper-module-imports-7.29.7.tgz. Extracting by manifest.
1392 silly tarball no local data for browserslist@https://registry.npmjs.org/browserslist/-/browserslist-4.28.8.tgz. Extracting by manifest.
1393 silly tarball no local data for jsesc@https://registry.npmjs.org/jsesc/-/jsesc-3.1.0.tgz. Extracting by manifest.
1394 silly tarball no local data for @jridgewell/trace-mapping@https://registry.npmjs.org/@jridgewell/trace-mapping/-/trace-mapping-0.3.31.tgz. Extracting by manifest.
1395 silly tarball no local data for @babel/helper-validator-option@https://registry.npmjs.org/@babel/helper-validator-option/-/helper-validator-option-7.29.7.tgz. Extracting by manifest.
1396 silly tarball no local data for @babel/compat-data@https://registry.npmjs.org/@babel/compat-data/-/compat-data-7.29.7.tgz. Extracting by manifest.
1397 silly tarball no local data for @jridgewell/gen-mapping@https://registry.npmjs.org/@jridgewell/gen-mapping/-/gen-mapping-0.3.13.tgz. Extracting by manifest.
1398 silly tarball no local data for @babel/helper-validator-identifier@https://registry.npmjs.org/@babel/helper-validator-identifier/-/helper-validator-identifier-7.29.7.tgz. Extracting by manifest.
1399 silly tarball no local data for js-tokens@https://registry.npmjs.org/js-tokens/-/js-tokens-4.0.0.tgz. Extracting by manifest.
1400 silly tarball no local data for picocolors@https://registry.npmjs.org/picocolors/-/picocolors-1.1.1.tgz. Extracting by manifest.
1401 silly tarball no local data for semver@https://registry.npmjs.org/semver/-/semver-6.3.1.tgz. Extracting by manifest.
1402 silly tarball no local data for json5@https://registry.npmjs.org/json5/-/json5-2.2.3.tgz. Extracting by manifest.
1403 silly tarball no local data for gensync@https://registry.npmjs.org/gensync/-/gensync-1.0.0-beta.2.tgz. Extracting by manifest.
1404 silly tarball no local data for debug@https://registry.npmjs.org/debug/-/debug-4.4.3.tgz. Extracting by manifest.
1405 silly tarball no local data for convert-source-map@https://registry.npmjs.org/convert-source-map/-/convert-source-map-2.0.0.tgz. Extracting by manifest.
1406 silly tarball no local data for @babel/types@https://registry.npmjs.org/@babel/types/-/types-7.29.8.tgz. Extracting by manifest.
1407 silly tarball no local data for @jridgewell/remapping@https://registry.npmjs.org/@jridgewell/remapping/-/remapping-2.3.5.tgz. Extracting by manifest.
1408 silly tarball no local data for @babel/template@https://registry.npmjs.org/@babel/template/-/template-7.29.7.tgz. Extracting by manifest.
1409 silly tarball no local data for @babel/parser@https://registry.npmjs.org/@babel/parser/-/parser-7.29.8.tgz. Extracting by manifest.
1410 silly tarball no local data for @babel/helpers@https://registry.npmjs.org/@babel/helpers/-/helpers-7.29.7.tgz. Extracting by manifest.
1411 silly tarball no local data for @babel/traverse@https://registry.npmjs.org/@babel/traverse/-/traverse-7.29.8.tgz. Extracting by manifest.
1412 silly tarball no local data for react-refresh@https://registry.npmjs.org/react-refresh/-/react-refresh-0.18.0.tgz. Extracting by manifest.
1413 silly tarball no local data for @babel/helper-compilation-targets@https://registry.npmjs.org/@babel/helper-compilation-targets/-/helper-compilation-targets-7.29.7.tgz. Extracting by manifest.
1414 silly tarball no local data for @babel/helper-module-transforms@https://registry.npmjs.org/@babel/helper-module-transforms/-/helper-module-transforms-7.29.7.tgz. Extracting by manifest.
1415 silly tarball no local data for @babel/code-frame@https://registry.npmjs.org/@babel/code-frame/-/code-frame-7.29.7.tgz. Extracting by manifest.
1416 silly tarball no local data for @babel/generator@https://registry.npmjs.org/@babel/generator/-/generator-7.29.8.tgz. Extracting by manifest.
1417 silly tarball no local data for @babel/plugin-transform-react-jsx-source@https://registry.npmjs.org/@babel/plugin-transform-react-jsx-source/-/plugin-transform-react-jsx-source-7.29.7.tgz. Extracting by manifest.
1418 silly tarball no local data for @rolldown/pluginutils@https://registry.npmjs.org/@rolldown/pluginutils/-/pluginutils-1.0.0-rc.3.tgz. Extracting by manifest.
1419 silly tarball no local data for @types/babel__core@https://registry.npmjs.org/@types/babel__core/-/babel__core-7.20.5.tgz. Extracting by manifest.
1420 silly tarball no local data for iceberg-js@https://registry.npmjs.org/iceberg-js/-/iceberg-js-0.8.1.tgz. Extracting by manifest.
1421 silly tarball no local data for @babel/plugin-transform-react-jsx-self@https://registry.npmjs.org/@babel/plugin-transform-react-jsx-self/-/plugin-transform-react-jsx-self-7.29.7.tgz. Extracting by manifest.
1422 silly tarball no local data for @babel/core@https://registry.npmjs.org/@babel/core/-/core-7.29.7.tgz. Extracting by manifest.
1423 silly tarball no local data for @supabase/phoenix@https://registry.npmjs.org/@supabase/phoenix/-/phoenix-0.4.5.tgz. Extracting by manifest.
1424 silly tarball no local data for @supabase/storage-js@https://registry.npmjs.org/@supabase/storage-js/-/storage-js-2.112.4.tgz. Extracting by manifest.
1425 silly tarball no local data for @supabase/realtime-js@https://registry.npmjs.org/@supabase/realtime-js/-/realtime-js-2.112.4.tgz. Extracting by manifest.
1426 silly tarball no local data for tslib@https://registry.npmjs.org/tslib/-/tslib-2.8.1.tgz. Extracting by manifest.
1427 silly tarball no local data for @supabase/postgrest-js@https://registry.npmjs.org/@supabase/postgrest-js/-/postgrest-js-2.112.4.tgz. Extracting by manifest.
1428 silly tarball no local data for tailwindcss@https://registry.npmjs.org/tailwindcss/-/tailwindcss-3.4.19.tgz. Extracting by manifest.
1429 silly tarball no local data for @supabase/auth-js@https://registry.npmjs.org/@supabase/auth-js/-/auth-js-2.112.4.tgz. Extracting by manifest.
1430 silly tarball no local data for @supabase/functions-js@https://registry.npmjs.org/@supabase/functions-js/-/functions-js-2.112.4.tgz. Extracting by manifest.
1431 silly tarball no local data for react-router-dom@https://registry.npmjs.org/react-router-dom/-/react-router-dom-7.18.3.tgz. Extracting by manifest.
1432 silly tarball no local data for react@https://registry.npmjs.org/react/-/react-19.2.8.tgz. Extracting by manifest.
1433 silly tarball no local data for react-dom@https://registry.npmjs.org/react-dom/-/react-dom-19.2.8.tgz. Extracting by manifest.
1434 silly tarball no local data for postcss@https://registry.npmjs.org/postcss/-/postcss-8.5.26.tgz. Extracting by manifest.
1435 silly tarball no local data for lucide-react@https://registry.npmjs.org/lucide-react/-/lucide-react-0.468.0.tgz. Extracting by manifest.
1436 silly tarball no local data for autoprefixer@https://registry.npmjs.org/autoprefixer/-/autoprefixer-10.5.4.tgz. Extracting by manifest.
1437 silly tarball no local data for @supabase/supabase-js@https://registry.npmjs.org/@supabase/supabase-js/-/supabase-js-2.112.4.tgz. Extracting by manifest.
1438 silly tarball no local data for @vitejs/plugin-react@https://registry.npmjs.org/@vitejs/plugin-react/-/plugin-react-5.2.0.tgz. Extracting by manifest.
1439 silly tarball no local data for glob-parent@https://registry.npmjs.org/glob-parent/-/glob-parent-5.1.2.tgz. Extracting by manifest.
1440 silly tarball no local data for glob-parent@https://registry.npmjs.org/glob-parent/-/glob-parent-5.1.2.tgz. Extracting by manifest.
1441 silly tarball no local data for vite@https://registry.npmjs.org/vite/-/vite-7.3.6.tgz. Extracting by manifest.
1442 silly tarball no local data for picomatch@https://registry.npmjs.org/picomatch/-/picomatch-4.0.7.tgz. Extracting by manifest.
1443 silly tarball no local data for fdir@https://registry.npmjs.org/fdir/-/fdir-6.5.0.tgz. Extracting by manifest.
1444 silly tarball no local data for picomatch@https://registry.npmjs.org/picomatch/-/picomatch-4.0.7.tgz. Extracting by manifest.
1445 silly tarball no local data for fdir@https://registry.npmjs.org/fdir/-/fdir-6.5.0.tgz. Extracting by manifest.
1446 http fetch POST 200 https://registry.npmjs.org/-/npm/v1/security/advisories/bulk 357ms
1447 silly audit report {}
1448 http fetch GET 200 https://registry.npmjs.org/any-promise/-/any-promise-1.3.0.tgz 267ms (cache miss)
1449 http fetch GET 200 https://registry.npmjs.org/@types/estree/-/estree-1.0.9.tgz 288ms (cache miss)
1450 http fetch GET 200 https://registry.npmjs.org/thenify-all/-/thenify-all-1.6.0.tgz 280ms (cache miss)
1451 http fetch GET 200 https://registry.npmjs.org/object-assign/-/object-assign-4.1.1.tgz 283ms (cache miss)
1452 http fetch GET 200 https://registry.npmjs.org/thenify/-/thenify-3.3.1.tgz 285ms (cache miss)
1453 http fetch GET 200 https://registry.npmjs.org/pirates/-/pirates-4.0.7.tgz 284ms (cache miss)
1454 http fetch GET 200 https://registry.npmjs.org/is-number/-/is-number-7.0.0.tgz 293ms (cache miss)
1455 http fetch GET 200 https://registry.npmjs.org/tinyglobby/-/tinyglobby-0.2.17.tgz 306ms (cache miss)
1456 http fetch GET 200 https://registry.npmjs.org/ts-interface-checker/-/ts-interface-checker-0.1.13.tgz 339ms (cache miss)
1457 http fetch GET 200 https://registry.npmjs.org/lines-and-columns/-/lines-and-columns-1.2.4.tgz 345ms (cache miss)
1458 http fetch GET 200 https://registry.npmjs.org/es-errors/-/es-errors-1.3.0.tgz 343ms (cache miss)
1459 http fetch GET 200 https://registry.npmjs.org/mz/-/mz-2.7.0.tgz 358ms (cache miss)
1460 http fetch GET 200 https://registry.npmjs.org/path-parse/-/path-parse-1.0.7.tgz 357ms (cache miss)
1461 http fetch GET 200 https://registry.npmjs.org/queue-microtask/-/queue-microtask-1.2.3.tgz 360ms (cache miss)
1462 http fetch GET 200 https://registry.npmjs.org/cssesc/-/cssesc-3.0.0.tgz 362ms (cache miss)
1463 http fetch GET 200 https://registry.npmjs.org/util-deprecate/-/util-deprecate-1.0.2.tgz 364ms (cache miss)
1464 http fetch GET 200 https://registry.npmjs.org/reusify/-/reusify-1.1.0.tgz 367ms (cache miss)
1465 http fetch GET 200 https://registry.npmjs.org/camelcase-css/-/camelcase-css-2.0.1.tgz 369ms (cache miss)
1466 http fetch GET 200 https://registry.npmjs.org/is-core-module/-/is-core-module-2.16.2.tgz 372ms (cache miss)
1467 http fetch GET 200 https://registry.npmjs.org/is-extglob/-/is-extglob-2.1.1.tgz 371ms (cache miss)
1468 http fetch GET 200 https://registry.npmjs.org/supports-preserve-symlinks-flag/-/supports-preserve-symlinks-flag-1.0.0.tgz 376ms (cache miss)
1469 http fetch GET 200 https://registry.npmjs.org/read-cache/-/read-cache-1.0.2.tgz 377ms (cache miss)
1470 http fetch GET 200 https://registry.npmjs.org/to-regex-range/-/to-regex-range-5.0.1.tgz 376ms (cache miss)
1471 http fetch GET 200 https://registry.npmjs.org/binary-extensions/-/binary-extensions-2.3.0.tgz 380ms (cache miss)
1472 http fetch GET 200 https://registry.npmjs.org/merge2/-/merge2-1.4.1.tgz 379ms (cache miss)
1473 http fetch GET 200 https://registry.npmjs.org/@nodelib/fs.scandir/-/fs.scandir-2.1.5.tgz 388ms (cache miss)
1474 http fetch GET 200 https://registry.npmjs.org/fill-range/-/fill-range-7.1.1.tgz 386ms (cache miss)
1475 http fetch GET 200 https://registry.npmjs.org/@nodelib/fs.stat/-/fs.stat-2.0.5.tgz 394ms (cache miss)
1476 http fetch GET 200 https://registry.npmjs.org/run-parallel/-/run-parallel-1.2.0.tgz 397ms (cache miss)
1477 http fetch GET 200 https://registry.npmjs.org/anymatch/-/anymatch-3.1.3.tgz 394ms (cache miss)
1478 http fetch GET 200 https://registry.npmjs.org/is-binary-path/-/is-binary-path-2.1.0.tgz 397ms (cache miss)
1479 http fetch GET 200 https://registry.npmjs.org/readdirp/-/readdirp-3.6.0.tgz 398ms (cache miss)
1480 http fetch GET 200 https://registry.npmjs.org/braces/-/braces-3.0.3.tgz 397ms (cache miss)
1481 http fetch GET 200 https://registry.npmjs.org/commander/-/commander-4.1.1.tgz 410ms (cache miss)
1482 http fetch GET 200 https://registry.npmjs.org/esbuild/-/esbuild-0.28.2.tgz 421ms (cache miss)
1483 http fetch GET 200 https://registry.npmjs.org/normalize-path/-/normalize-path-3.0.0.tgz 403ms (cache miss)
1484 http fetch GET 200 https://registry.npmjs.org/escalade/-/escalade-3.2.0.tgz 444ms (cache miss)
1485 http fetch GET 200 https://registry.npmjs.org/hasown/-/hasown-2.0.4.tgz 434ms (cache miss)
1486 http fetch GET 200 https://registry.npmjs.org/function-bind/-/function-bind-1.1.2.tgz 448ms (cache miss)
1487 http fetch GET 200 https://registry.npmjs.org/picomatch/-/picomatch-2.3.2.tgz 442ms (cache miss)
1488 http fetch GET 200 https://registry.npmjs.org/fastq/-/fastq-1.20.3.tgz 466ms (cache miss)
1489 http fetch GET 200 https://registry.npmjs.org/@nodelib/fs.walk/-/fs.walk-1.2.8.tgz 528ms (cache miss)
1490 http fetch GET 200 https://registry.npmjs.org/postcss-selector-parser/-/postcss-selector-parser-6.1.4.tgz 696ms (cache miss)
1491 http fetch GET 200 https://registry.npmjs.org/postcss-nested/-/postcss-nested-6.2.0.tgz 707ms (cache miss)
1492 http fetch GET 200 https://registry.npmjs.org/postcss-import/-/postcss-import-15.1.0.tgz 754ms (cache miss)
1493 http fetch GET 200 https://registry.npmjs.org/glob-parent/-/glob-parent-6.0.2.tgz 764ms (cache miss)
1494 http fetch GET 200 https://registry.npmjs.org/postcss-js/-/postcss-js-4.1.0.tgz 770ms (cache miss)
1495 http fetch GET 200 https://registry.npmjs.org/is-glob/-/is-glob-4.0.3.tgz 795ms (cache miss)
1496 http fetch GET 200 https://registry.npmjs.org/dlv/-/dlv-1.1.3.tgz 795ms (cache miss)
1497 http fetch GET 200 https://registry.npmjs.org/postcss-load-config/-/postcss-load-config-6.0.1.tgz 801ms (cache miss)
1498 http fetch GET 200 https://registry.npmjs.org/micromatch/-/micromatch-4.0.8.tgz 832ms (cache miss)
1499 http fetch GET 200 https://registry.npmjs.org/didyoumean/-/didyoumean-1.2.2.tgz 831ms (cache miss)
1500 http fetch GET 200 https://registry.npmjs.org/arg/-/arg-5.0.2.tgz 845ms (cache miss)
1501 http fetch GET 200 https://registry.npmjs.org/@alloc/quick-lru/-/quick-lru-5.2.0.tgz 849ms (cache miss)
1502 http fetch GET 200 https://registry.npmjs.org/jiti/-/jiti-1.21.7.tgz 874ms (cache miss)
1503 http fetch GET 200 https://registry.npmjs.org/scheduler/-/scheduler-0.27.0.tgz 870ms (cache miss)
1504 http fetch GET 200 https://registry.npmjs.org/chokidar/-/chokidar-3.6.0.tgz 887ms (cache miss)
1505 http fetch GET 200 https://registry.npmjs.org/object-hash/-/object-hash-3.0.0.tgz 894ms (cache miss)
1506 http fetch GET 200 https://registry.npmjs.org/ms/-/ms-2.1.3.tgz 887ms (cache miss)
1507 http fetch GET 200 https://registry.npmjs.org/cookie/-/cookie-1.1.1.tgz 891ms (cache miss)
1508 http fetch GET 200 https://registry.npmjs.org/yallist/-/yallist-3.1.1.tgz 890ms (cache miss)
1509 http fetch GET 200 https://registry.npmjs.org/set-cookie-parser/-/set-cookie-parser-2.7.2.tgz 914ms (cache miss)
1510 http fetch GET 200 https://registry.npmjs.org/update-browserslist-db/-/update-browserslist-db-1.3.2.tgz 921ms (cache miss)
1511 http fetch GET 200 https://registry.npmjs.org/postcss-value-parser/-/postcss-value-parser-4.2.0.tgz 920ms (cache miss)
1512 http fetch GET 200 https://registry.npmjs.org/node-releases/-/node-releases-2.0.54.tgz 956ms (cache miss)
1513 http fetch GET 200 https://registry.npmjs.org/@types/babel__traverse/-/babel__traverse-7.28.0.tgz 954ms (cache miss)
1514 http fetch GET 200 https://registry.npmjs.org/source-map-js/-/source-map-js-1.2.1.tgz 963ms (cache miss)
1515 http fetch GET 200 https://registry.npmjs.org/baseline-browser-mapping/-/baseline-browser-mapping-2.11.20.tgz 978ms (cache miss)
1516 http fetch GET 200 https://registry.npmjs.org/resolve/-/resolve-1.22.12.tgz 1000ms (cache miss)
1517 http fetch GET 200 https://registry.npmjs.org/@babel/helper-globals/-/helper-globals-7.29.7.tgz 1035ms (cache miss)
1518 http fetch GET 200 https://registry.npmjs.org/rollup/-/rollup-4.63.1.tgz 1094ms (cache miss)
1519 http fetch GET 200 https://registry.npmjs.org/lru-cache/-/lru-cache-5.1.1.tgz 1076ms (cache miss)
1520 http fetch GET 200 https://registry.npmjs.org/fast-glob/-/fast-glob-3.3.3.tgz 1098ms (cache miss)
1521 http fetch GET 200 https://registry.npmjs.org/@jridgewell/resolve-uri/-/resolve-uri-3.1.2.tgz 1108ms (cache miss)
1522 http fetch GET 200 https://registry.npmjs.org/@jridgewell/sourcemap-codec/-/sourcemap-codec-1.6.0.tgz 1112ms (cache miss)
1523 http fetch GET 200 https://registry.npmjs.org/lilconfig/-/lilconfig-3.1.3.tgz 1157ms (cache miss)
1524 http fetch GET 200 https://registry.npmjs.org/nanoid/-/nanoid-3.3.18.tgz 1148ms (cache miss)
1525 http fetch GET 200 https://registry.npmjs.org/@types/babel__template/-/babel__template-7.4.4.tgz 1237ms (cache miss)
1526 http fetch GET 200 https://registry.npmjs.org/@types/babel__generator/-/babel__generator-7.27.0.tgz 1363ms (cache miss)
1527 http fetch GET 200 https://registry.npmjs.org/@babel/helper-validator-option/-/helper-validator-option-7.29.7.tgz 1362ms (cache miss)
1528 http fetch GET 200 https://registry.npmjs.org/@babel/compat-data/-/compat-data-7.29.7.tgz 1384ms (cache miss)
1529 http fetch GET 200 https://registry.npmjs.org/@rollup/rollup-win32-x64-msvc/-/rollup-win32-x64-msvc-4.63.1.tgz 1438ms (cache miss)
1530 http fetch GET 200 https://registry.npmjs.org/browserslist/-/browserslist-4.28.8.tgz 1395ms (cache miss)
1531 http fetch GET 200 https://registry.npmjs.org/@babel/helper-string-parser/-/helper-string-parser-7.29.7.tgz 1399ms (cache miss)
1532 http fetch GET 200 https://registry.npmjs.org/@babel/helper-validator-identifier/-/helper-validator-identifier-7.29.7.tgz 1409ms (cache miss)
1533 http fetch GET 200 https://registry.npmjs.org/fraction.js/-/fraction.js-5.3.4.tgz 1416ms (cache miss)
1534 http fetch GET 200 https://registry.npmjs.org/picocolors/-/picocolors-1.1.1.tgz 1433ms (cache miss)
1535 http fetch GET 200 https://registry.npmjs.org/js-tokens/-/js-tokens-4.0.0.tgz 1448ms (cache miss)
1536 http fetch GET 200 https://registry.npmjs.org/semver/-/semver-6.3.1.tgz 1459ms (cache miss)
1537 http fetch GET 200 https://registry.npmjs.org/@babel/helper-module-imports/-/helper-module-imports-7.29.7.tgz 1486ms (cache miss)
1538 http fetch GET 200 https://registry.npmjs.org/sucrase/-/sucrase-3.35.1.tgz 1514ms (cache miss)
1539 http fetch GET 200 https://registry.npmjs.org/electron-to-chromium/-/electron-to-chromium-1.5.416.tgz 1517ms (cache miss)
1540 http fetch GET 200 https://registry.npmjs.org/@babel/helper-plugin-utils/-/helper-plugin-utils-7.29.7.tgz 1541ms (cache miss)
1541 http fetch GET 200 https://registry.npmjs.org/debug/-/debug-4.4.3.tgz 1538ms (cache miss)
1542 http fetch GET 200 https://registry.npmjs.org/json5/-/json5-2.2.3.tgz 1549ms (cache miss)
1543 http fetch GET 200 https://registry.npmjs.org/convert-source-map/-/convert-source-map-2.0.0.tgz 1561ms (cache miss)
1544 http fetch GET 200 https://registry.npmjs.org/react-refresh/-/react-refresh-0.18.0.tgz 1593ms (cache miss)
1545 http fetch GET 200 https://registry.npmjs.org/@jridgewell/gen-mapping/-/gen-mapping-0.3.13.tgz 1602ms (cache miss)
1546 http fetch GET 200 https://registry.npmjs.org/@jridgewell/trace-mapping/-/trace-mapping-0.3.31.tgz 1618ms (cache miss)
1547 http fetch GET 200 https://registry.npmjs.org/@babel/code-frame/-/code-frame-7.29.7.tgz 1731ms (cache miss)
1548 http fetch GET 200 https://registry.npmjs.org/@rollup/rollup-win32-x64-gnu/-/rollup-win32-x64-gnu-4.63.1.tgz 1786ms (cache miss)
1549 http fetch GET 200 https://registry.npmjs.org/@jridgewell/remapping/-/remapping-2.3.5.tgz 1758ms (cache miss)
1550 http fetch GET 200 https://registry.npmjs.org/@babel/template/-/template-7.29.7.tgz 1817ms (cache miss)
1551 http fetch GET 200 https://registry.npmjs.org/@babel/plugin-transform-react-jsx-self/-/plugin-transform-react-jsx-self-7.29.7.tgz 1879ms (cache miss)
1552 http fetch GET 200 https://registry.npmjs.org/@babel/helper-compilation-targets/-/helper-compilation-targets-7.29.7.tgz 1925ms (cache miss)
1553 http fetch GET 200 https://registry.npmjs.org/@types/babel__core/-/babel__core-7.20.5.tgz 1924ms (cache miss)
1554 http fetch GET 200 https://registry.npmjs.org/gensync/-/gensync-1.0.0-beta.2.tgz 1940ms (cache miss)
1555 http fetch GET 200 https://registry.npmjs.org/@babel/helper-module-transforms/-/helper-module-transforms-7.29.7.tgz 1959ms (cache miss)
1556 http fetch GET 200 https://registry.npmjs.org/jsesc/-/jsesc-3.1.0.tgz 1986ms (cache miss)
1557 http fetch GET 200 https://registry.npmjs.org/@babel/generator/-/generator-7.29.8.tgz 2005ms (cache miss)
1558 http fetch GET 200 https://registry.npmjs.org/@babel/traverse/-/traverse-7.29.8.tgz 2009ms (cache miss)
1559 http fetch GET 200 https://registry.npmjs.org/tslib/-/tslib-2.8.1.tgz 2015ms (cache miss)
1560 http fetch GET 200 https://registry.npmjs.org/@babel/plugin-transform-react-jsx-source/-/plugin-transform-react-jsx-source-7.29.7.tgz 2035ms (cache miss)
1561 http fetch GET 200 https://registry.npmjs.org/react/-/react-19.2.8.tgz 2226ms (cache miss)
1562 http fetch GET 200 https://registry.npmjs.org/@supabase/phoenix/-/phoenix-0.4.5.tgz 2259ms (cache miss)
1563 http fetch GET 200 https://registry.npmjs.org/@babel/types/-/types-7.29.8.tgz 2278ms (cache miss)
1564 http fetch GET 200 https://registry.npmjs.org/react-router-dom/-/react-router-dom-7.18.3.tgz 2307ms (cache miss)
1565 http fetch GET 200 https://registry.npmjs.org/iceberg-js/-/iceberg-js-0.8.1.tgz 2335ms (cache miss)
1566 http fetch GET 200 https://registry.npmjs.org/@supabase/postgrest-js/-/postgrest-js-2.112.4.tgz 2428ms (cache miss)
1567 http fetch GET 200 https://registry.npmjs.org/@rolldown/pluginutils/-/pluginutils-1.0.0-rc.3.tgz 2558ms (cache miss)
1568 http fetch GET 200 https://registry.npmjs.org/@babel/core/-/core-7.29.7.tgz 2640ms (cache miss)
1569 http fetch GET 200 https://registry.npmjs.org/glob-parent/-/glob-parent-5.1.2.tgz 2671ms (cache miss)
1570 http fetch GET 200 https://registry.npmjs.org/@babel/helpers/-/helpers-7.29.7.tgz 2725ms (cache miss)
1571 http fetch GET 200 https://registry.npmjs.org/glob-parent/-/glob-parent-5.1.2.tgz 2717ms (cache miss)
1572 http fetch GET 200 https://registry.npmjs.org/react-router/-/react-router-7.18.3.tgz 2859ms (cache miss)
1573 http fetch GET 200 https://registry.npmjs.org/picomatch/-/picomatch-4.0.7.tgz 2834ms (cache miss)
1574 http fetch GET 200 https://registry.npmjs.org/@supabase/supabase-js/-/supabase-js-2.112.4.tgz 2841ms (cache miss)
1575 http fetch GET 200 https://registry.npmjs.org/@supabase/realtime-js/-/realtime-js-2.112.4.tgz 2884ms (cache miss)
1576 http fetch GET 200 https://registry.npmjs.org/picomatch/-/picomatch-4.0.7.tgz 2904ms (cache miss)
1577 http fetch GET 200 https://registry.npmjs.org/@vitejs/plugin-react/-/plugin-react-5.2.0.tgz 2922ms (cache miss)
1578 http fetch GET 200 https://registry.npmjs.org/autoprefixer/-/autoprefixer-10.5.4.tgz 3086ms (cache miss)
1579 http fetch GET 200 https://registry.npmjs.org/fdir/-/fdir-6.5.0.tgz 3127ms (cache miss)
1580 http fetch GET 200 https://registry.npmjs.org/postcss/-/postcss-8.5.26.tgz 3203ms (cache miss)
1581 http fetch GET 200 https://registry.npmjs.org/@babel/parser/-/parser-7.29.8.tgz 3448ms (cache miss)
1582 http fetch GET 200 https://registry.npmjs.org/caniuse-lite/-/caniuse-lite-1.0.30001810.tgz 3748ms (cache miss)
1583 http fetch GET 200 https://registry.npmjs.org/fdir/-/fdir-6.5.0.tgz 3767ms (cache miss)
1584 http fetch GET 200 https://registry.npmjs.org/vite/-/vite-7.3.6.tgz 3787ms (cache miss)
1585 http fetch GET 200 https://registry.npmjs.org/@supabase/functions-js/-/functions-js-2.112.4.tgz 4039ms (cache miss)
1586 http fetch GET 200 https://registry.npmjs.org/@supabase/storage-js/-/storage-js-2.112.4.tgz 4080ms (cache miss)
1587 http fetch GET 200 https://registry.npmjs.org/react-dom/-/react-dom-19.2.8.tgz 4087ms (cache miss)
1588 http fetch GET 200 https://registry.npmjs.org/@esbuild/win32-x64/-/win32-x64-0.28.2.tgz 5145ms (cache miss)
1589 http fetch GET 200 https://registry.npmjs.org/@supabase/auth-js/-/auth-js-2.112.4.tgz 5120ms (cache miss)
1590 http fetch GET 200 https://registry.npmjs.org/tailwindcss/-/tailwindcss-3.4.19.tgz 7656ms (cache miss)
1591 http fetch GET 200 https://registry.npmjs.org/lucide-react/-/lucide-react-0.468.0.tgz 11350ms (cache miss)
1592 info run esbuild@0.28.2 postinstall node_modules/esbuild node install.js
1593 info run esbuild@0.28.2 postinstall { code: 0, signal: null }
1594 silly ADD node_modules/@types/estree
1595 silly ADD node_modules/@rollup/rollup-win32-x64-msvc
1596 silly ADD node_modules/@rollup/rollup-win32-x64-gnu
1597 silly ADD node_modules/@esbuild/win32-x64
1598 silly ADD node_modules/rollup
1599 silly ADD node_modules/esbuild
1600 silly ADD node_modules/escalade
1601 silly ADD node_modules/is-number
1602 silly ADD node_modules/thenify
1603 silly ADD node_modules/thenify-all
1604 silly ADD node_modules/object-assign
1605 silly ADD node_modules/any-promise
1606 silly ADD node_modules/ts-interface-checker
1607 silly ADD node_modules/tinyglobby
1608 silly ADD node_modules/tinyglobby/node_modules/picomatch
1609 silly ADD node_modules/tinyglobby/node_modules/fdir
1610 silly ADD node_modules/pirates
1611 silly ADD node_modules/mz
1612 silly ADD node_modules/lines-and-columns
1613 silly ADD node_modules/commander
1614 silly ADD node_modules/queue-microtask
1615 silly ADD node_modules/function-bind
1616 silly ADD node_modules/hasown
1617 silly ADD node_modules/supports-preserve-symlinks-flag
1618 silly ADD node_modules/path-parse
1619 silly ADD node_modules/is-core-module
1620 silly ADD node_modules/es-errors
1621 silly ADD node_modules/util-deprecate
1622 silly ADD node_modules/cssesc
1623 silly ADD node_modules/camelcase-css
1624 silly ADD node_modules/read-cache
1625 silly ADD node_modules/is-extglob
1626 silly ADD node_modules/binary-extensions
1627 silly ADD node_modules/to-regex-range
1628 silly ADD node_modules/reusify
1629 silly ADD node_modules/run-parallel
1630 silly ADD node_modules/fastq
1631 silly ADD node_modules/@nodelib/fs.scandir
1632 silly ADD node_modules/merge2
1633 silly ADD node_modules/@nodelib/fs.walk
1634 silly ADD node_modules/@nodelib/fs.stat
1635 silly ADD node_modules/fill-range
1636 silly ADD node_modules/picomatch
1637 silly ADD node_modules/readdirp
1638 silly ADD node_modules/is-binary-path
1639 silly ADD node_modules/braces
1640 silly ADD node_modules/anymatch
1641 silly ADD node_modules/sucrase
1642 silly ADD node_modules/resolve
1643 silly ADD node_modules/postcss-selector-parser
1644 silly ADD node_modules/postcss-nested
1645 silly ADD node_modules/postcss-load-config
1646 silly ADD node_modules/postcss-js
1647 silly ADD node_modules/postcss-import
1648 silly ADD node_modules/object-hash
1649 silly ADD node_modules/normalize-path
1650 silly ADD node_modules/micromatch
1651 silly ADD node_modules/lilconfig
1652 silly ADD node_modules/jiti
1653 silly ADD node_modules/is-glob
1654 silly ADD node_modules/glob-parent
1655 silly ADD node_modules/fast-glob
1656 silly ADD node_modules/fast-glob/node_modules/glob-parent
1657 silly ADD node_modules/dlv
1658 silly ADD node_modules/didyoumean
1659 silly ADD node_modules/chokidar
1660 silly ADD node_modules/chokidar/node_modules/glob-parent
1661 silly ADD node_modules/arg
1662 silly ADD node_modules/@alloc/quick-lru
1663 silly ADD node_modules/set-cookie-parser
1664 silly ADD node_modules/cookie
1665 silly ADD node_modules/react-router
1666 silly ADD node_modules/scheduler
1667 silly ADD node_modules/source-map-js
1668 silly ADD node_modules/nanoid
1669 silly ADD node_modules/yallist
1670 silly ADD node_modules/ms
1671 silly ADD node_modules/update-browserslist-db
1672 silly ADD node_modules/node-releases
1673 silly ADD node_modules/electron-to-chromium
1674 silly ADD node_modules/baseline-browser-mapping
1675 silly ADD node_modules/postcss-value-parser
1676 silly ADD node_modules/fraction.js
1677 silly ADD node_modules/caniuse-lite
1678 silly ADD node_modules/@types/babel__traverse
1679 silly ADD node_modules/@types/babel__template
1680 silly ADD node_modules/@types/babel__generator
1681 silly ADD node_modules/@jridgewell/resolve-uri
1682 silly ADD node_modules/@jridgewell/sourcemap-codec
1683 silly ADD node_modules/@babel/helper-string-parser
1684 silly ADD node_modules/@babel/helper-globals
1685 silly ADD node_modules/@babel/helper-plugin-utils
1686 silly ADD node_modules/@babel/helper-module-imports
1687 silly ADD node_modules/lru-cache
1688 silly ADD node_modules/browserslist
1689 silly ADD node_modules/@babel/helper-validator-option
1690 silly ADD node_modules/@babel/compat-data
1691 silly ADD node_modules/jsesc
1692 silly ADD node_modules/@jridgewell/trace-mapping
1693 silly ADD node_modules/@jridgewell/gen-mapping
1694 silly ADD node_modules/picocolors
1695 silly ADD node_modules/js-tokens
1696 silly ADD node_modules/@babel/helper-validator-identifier
1697 silly ADD node_modules/semver
1698 silly ADD node_modules/json5
1699 silly ADD node_modules/gensync
1700 silly ADD node_modules/debug
1701 silly ADD node_modules/convert-source-map
1702 silly ADD node_modules/@jridgewell/remapping
1703 silly ADD node_modules/@babel/types
1704 silly ADD node_modules/@babel/traverse
1705 silly ADD node_modules/@babel/template
1706 silly ADD node_modules/@babel/parser
1707 silly ADD node_modules/@babel/helpers
1708 silly ADD node_modules/@babel/helper-module-transforms
1709 silly ADD node_modules/@babel/helper-compilation-targets
1710 silly ADD node_modules/@babel/generator
1711 silly ADD node_modules/@babel/code-frame
1712 silly ADD node_modules/react-refresh
1713 silly ADD node_modules/@types/babel__core
1714 silly ADD node_modules/@rolldown/pluginutils
1715 silly ADD node_modules/@babel/plugin-transform-react-jsx-source
1716 silly ADD node_modules/@babel/plugin-transform-react-jsx-self
1717 silly ADD node_modules/@babel/core
1718 silly ADD node_modules/iceberg-js
1719 silly ADD node_modules/@supabase/phoenix
1720 silly ADD node_modules/tslib
1721 silly ADD node_modules/@supabase/storage-js
1722 silly ADD node_modules/@supabase/realtime-js
1723 silly ADD node_modules/@supabase/postgrest-js
1724 silly ADD node_modules/@supabase/functions-js
1725 silly ADD node_modules/@supabase/auth-js
1726 silly ADD node_modules/tailwindcss
1727 silly ADD node_modules/react-router-dom
1728 silly ADD node_modules/react-dom
1729 silly ADD node_modules/react
1730 silly ADD node_modules/lucide-react
1731 silly ADD node_modules/postcss
1732 silly ADD node_modules/autoprefixer
1733 silly ADD node_modules/vite
1734 silly ADD node_modules/vite/node_modules/picomatch
1735 silly ADD node_modules/vite/node_modules/fdir
1736 silly ADD node_modules/@vitejs/plugin-react
1737 silly ADD node_modules/@supabase/supabase-js
1738 warn allow-scripts 1 package has install scripts not yet covered by allowScripts:
1738 warn allow-scripts   esbuild@0.28.2 (postinstall: node install.js)
1738 warn allow-scripts
1738 warn allow-scripts Run `npm approve-scripts --allow-scripts-pending` to review, or `npm approve-scripts <pkg>` to allow.
1739 verbose cwd C:\Users\Atif\Documents\Codex\2026-08-30\you-are-an-expert-full-stack
1740 verbose os Windows_NT 10.0.26200
1741 verbose node v24.18.0
1742 verbose npm  v11.16.0
1743 notice
1743 notice New major version of npm available! 11.16.0 -> 12.0.2
1743 notice Changelog: https://github.com/npm/cli/releases/tag/v12.0.2
1743 notice To update run: npm install -g npm@12.0.2
1743 notice  { force: true, Symbol(proc-log.meta): true }
1744 verbose exit 0
1745 info ok
